date,weekday,month,is_weekend,supplier_1_po_delay_days,supplier_1_receipt_event_flag,supplier_1_receipt_fill_rate,supplier_2_po_delay_days,supplier_2_receipt_event_flag,supplier_2_receipt_fill_rate,supplier_3_po_delay_days,supplier_3_receipt_event_flag,supplier_3_receipt_fill_rate,supplier_4_po_delay_days,supplier_4_receipt_event_flag,supplier_4_receipt_fill_rate,supplier_5_po_delay_days,supplier_5_receipt_event_flag,supplier_5_receipt_fill_rate,material_101_stock,material_101_days_of_cover,material_101_open_po_flag,material_101_reorder_triggered,material_102_stock,material_102_days_of_cover,material_102_open_po_flag,material_102_reorder_triggered,material_103_stock,material_103_days_of_cover,material_103_open_po_flag,material_103_reorder_triggered,product_201_fg_stock,product_201_planned_production,product_201_actual_production,product_201_production_shortfall,product_201_demand_units,product_201_due_backlog_units,product_201_newly_backordered_units,product_201_backorder_flag,product_202_fg_stock,product_202_planned_production,product_202_actual_production,product_202_production_shortfall,product_202_demand_units,product_202_due_backlog_units,product_202_newly_backordered_units,product_202_backorder_flag
2025-01-01,2,1,0,0.0,0,1.0,0.0,0,1.0,0.0,0,1.0,0.0,0,1.0,0.0,0,1.0,300.0,999.0,0,0,250.0,999.0,0,0,220.0,999.0,0,0,100.0,0,0,0,10,0,0,0,100.0,0,0,0,0,0,0,0
2025-01-02,3,1,0,0.0,0,1.0,0.0,0,1.0,0.0,0,1.0,0.0,0,1.0,0.0,0,1.0,300.0,999.0,0,0,250.0,999.0,0,0,220.0,999.0,0,0,100.0,0,0,0,0,0,0,0,100.0,0,0,0,10,0,0,0
2025-01-03,4,1,0,0.0,0,1.0,0.0,0,1.0,0.0,0,1.0,0.0,0,1.0,0.0,0,1.0,300.0,999.0,0,0,250.0,999.0,0,0,220.0,999.0,0,0,100.0,0,0,0,0,0,0,0,100.0,0,0,0,0,0,0,0
2025-01-04,5,1,1,0.0,0,1.0,0.0,0,1.0,0.0,0,1.0,0.0,0,1.0,0.0,0,1.0,300.0,999.0,0,0,250.0,999.0,0,0,220.0,999.0,0,0,100.0,0,0,0,0,0,0,0,100.0,0,0,0,0,0,0,0
2025-01-05,6,1,1,0.0,0,1.0,0.0,0,1.0,0.0,0,1.0,0.0,0,1.0,0.0,0,1.0,300.0,999.0,0,0,250.0,999.0,0,0,220.0,999.0,0,0,100.0,0,0,0,0,0,0,0,100.0,0,0,0,0,0,0,0
2025-01-06,0,1,0,0.0,0,1.0,0.0,0,1.0,0.0,0,1.0,0.0,0,1.0,0.0,0,1.0,300.0,999.0,0,0,250.0,999.0,0,0,220.0,999.0,0,0,100.0,0,0,0,0,0,0,0,100.0,0,0,0,0,0,0,0
2025-01-07,1,1,0,0.0,0,1.0,0.0,0,1.0,0.0,0,1.0,0.0,0,1.0,0.0,0,1.0,300.0,999.0,0,0,250.0,999.0,0,0,220.0,999.0,0,0,90.0,0,0,0,0,0,0,0,90.0,0,0,0,0,0,0,0
2025-01-08,2,1,0,0.0,0,1.0,0.0,0,1.0,0.0,0,1.0,0.0,0,1.0,0.0,0,1.0,213.0,17.21,0,0,220.0,58.67,0,0,206.0,86.74,0,0,120.0,30,30,0,0,0,0,0,100.0,20,10,10,17,0,0,0
2025-01-09,3,1,0,0.0,0,1.0,0.0,0,1.0,0.0,0,1.0,0.0,0,1.0,0.0,0,1.0,213.0,19.36,0,0,220.0,66.0,0,0,206.0,97.58,0,0,120.0,0,0,0,0,0,0,0,100.0,0,0,0,0,0,0,0
2025-01-10,4,1,0,0.0,0,1.0,0.0,0,1.0,0.0,0,1.0,0.0,0,1.0,0.0,0,1.0,213.0,21.52,0,0,220.0,73.33,0,0,206.0,108.42,0,0,120.0,0,0,0,0,0,0,0,100.0,0,0,0,0,0,0,0
2025-01-11,5,1,1,0.0,0,1.0,0.0,0,1.0,0.0,0,1.0,0.0,0,1.0,0.0,0,1.0,213.0,23.67,0,0,220.0,80.67,0,0,206.0,119.26,0,0,120.0,0,0,0,0,0,0,0,100.0,0,0,0,0,0,0,0
2025-01-12,6,1,1,0.0,0,1.0,0.0,0,1.0,0.0,0,1.0,0.0,0,1.0,0.0,0,1.0,213.0,25.82,0,0,220.0,88.0,0,0,206.0,130.11,0,0,120.0,0,0,0,0,0,0,0,100.0,0,0,0,0,0,0,0
2025-01-13,0,1,0,0.0,0,1.0,0.0,0,1.0,0.0,0,1.0,0.0,0,1.0,0.0,0,1.0,213.0,27.97,0,0,220.0,95.33,0,0,206.0,140.95,0,0,120.0,0,0,0,16,0,0,0,100.0,0,0,0,20,0,0,0
2025-01-14,1,1,0,0.0,0,1.0,0.0,0,1.0,0.0,0,1.0,0.0,0,1.0,0.0,0,1.0,213.0,30.12,0,0,220.0,102.67,0,0,206.0,151.79,0,0,120.0,0,0,0,33,0,0,0,100.0,0,0,0,10,0,0,0
2025-01-15,2,1,0,0.0,0,1.0,0.0,0,1.0,0.0,0,1.0,0.0,0,1.0,0.0,0,1.0,114.0,8.64,1,1,190.0,47.5,0,0,187.0,73.82,0,0,150.0,30,30,0,9,0,0,0,113.0,20,20,0,21,0,0,0
2025-01-16,3,1,0,0.0,0,1.0,0.0,0,1.0,0.0,0,1.0,0.0,0,1.0,0.0,0,1.0,15.0,0.81,1,0,160.0,28.44,0,0,168.0,47.16,0,0,180.0,30,30,0,0,0,0,0,123.0,20,20,0,0,0,0,0
2025-01-17,4,1,0,0.0,0,1.0,0.0,0,1.0,0.0,0,1.0,0.0,0,1.0,0.0,0,1.0,15.0,0.64,1,0,160.0,22.67,0,0,168.0,37.58,0,0,149.0,30,0,30,15,0,0,0,123.0,20,0,20,0,0,0,0
2025-01-18,5,1,1,0.0,0,1.0,0.0,0,1.0,0.0,0,1.0,0.0,0,1.0,0.0,0,1.0,15.0,0.68,1,0,160.0,24.0,0,0,168.0,39.79,0,0,149.0,0,0,0,0,0,0,0,123.0,0,0,0,0,0,0,0
2025-01-19,6,1,1,0.0,0,1.0,0.0,0,1.0,0.0,0,1.0,0.0,0,1.0,0.0,0,1.0,15.0,0.72,1,0,160.0,25.33,0,0,168.0,42.0,0,0,149.0,0,0,0,0,0,0,0,123.0,0,0,0,0,0,0,0
2025-01-20,0,1,0,0.0,0,1.0,0.0,0,1.0,0.0,0,1.0,0.0,0,1.0,0.0,0,1.0,15.0,0.76,1,0,160.0,26.67,0,0,168.0,44.21,0,0,131.0,0,0,0,15,0,0,0,123.0,0,0,0,8,0,0,0
2025-01-21,1,1,0,0.0,0,1.0,0.0,0,1.0,0.0,0,1.0,0.0,0,1.0,0.0,0,1.0,15.0,0.8,1,0,160.0,28.0,0,0,168.0,46.42,0,0,131.0,0,0,0,11,0,0,0,101.0,0,0,0,0,0,0,0
2025-01-22,2,1,0,0.0,0,1.0,0.0,0,1.0,0.0,0,1.0,0.0,0,1.0,0.0,0,1.0,3.0,0.13,1,0,160.0,23.47,0,0,163.0,37.75,0,0,116.0,30,0,30,12,0,0,0,103.0,20,10,10,0,0,0,0
2025-01-23,3,1,0,0.0,0,1.0,0.0,0,1.0,0.0,0,1.0,0.0,1,1.0,0.0,0,1.0,335.0,15.57,0,0,160.0,24.53,0,0,163.0,39.46,0,0,107.0,0,0,0,0,0,0,0,103.0,0,0,0,0,0,0,0
2025-01-24,4,1,0,0.0,0,1.0,0.0,0,1.0,0.0,0,1.0,0.0,0,1.0,0.0,0,1.0,236.0,9.54,0,0,130.0,17.33,0,0,144.0,30.32,0,0,122.0,30,30,0,0,0,0,0,123.0,20,20,0,0,0,0,0
2025-01-25,5,1,1,0.0,0,1.0,0.0,0,1.0,0.0,0,1.0,0.0,0,1.0,0.0,0,1.0,236.0,9.93,0,0,130.0,18.06,0,0,144.0,31.58,0,0,122.0,0,0,0,0,0,0,0,102.0,0,0,0,0,0,0,0
2025-01-26,6,1,1,0.0,0,1.0,0.0,0,1.0,0.0,0,1.0,0.0,0,1.0,0.0,0,1.0,236.0,10.33,0,0,130.0,18.78,0,0,144.0,32.84,0,0,110.0,0,0,0,0,0,0,0,102.0,0,0,0,0,0,0,0
2025-01-27,0,1,0,0.0,0,1.0,0.0,0,1.0,0.0,0,1.0,0.0,0,1.0,0.0,0,1.0,236.0,10.73,0,0,130.0,19.5,0,0,144.0,34.11,0,0,110.0,0,0,0,13,0,0,0,102.0,0,0,0,11,0,0,0
2025-01-28,1,1,0,0.0,0,1.0,0.0,0,1.0,0.0,0,1.0,0.0,0,1.0,0.0,0,1.0,236.0,11.12,0,0,130.0,20.22,0,0,144.0,35.37,0,0,99.0,0,0,0,0,0,0,0,94.0,0,0,0,0,0,0,0
2025-01-29,2,1,0,0.0,0,1.0,0.0,0,1.0,0.0,0,1.0,0.0,0,1.0,0.0,0,1.0,236.0,11.12,0,0,130.0,20.22,0,0,144.0,35.37,0,0,99.0,0,0,0,0,0,0,0,94.0,0,0,0,0,0,0,0
2025-01-30,3,1,0,0.0,0,1.0,0.0,0,1.0,0.0,0,1.0,0.0,0,1.0,0.0,0,1.0,137.0,5.54,1,1,100.0,13.33,1,1,125.0,26.32,0,0,129.0,30,30,0,0,0,0,0,114.0,20,20,0,16,0,0,0
2025-01-31,4,1,0,0.0,0,1.0,0.0,0,1.0,0.0,0,1.0,0.0,0,1.0,0.0,0,1.0,137.0,5.54,1,0,100.0,13.33,1,0,125.0,26.32,0,0,116.0,0,0,0,0,0,0,0,114.0,0,0,0,0,0,0,0
2025-02-01,5,2,1,0.0,0,1.0,0.0,0,1.0,0.0,0,1.0,0.0,0,1.0,0.0,0,1.0,137.0,5.54,1,0,100.0,13.33,1,0,125.0,26.32,0,0,116.0,0,0,0,0,0,0,0,114.0,0,0,0,0,0,0,0
2025-02-02,6,2,1,0.0,0,1.0,0.0,0,1.0,0.0,0,1.0,0.0,0,1.0,0.0,0,1.0,137.0,5.54,1,0,100.0,13.33,1,0,125.0,26.32,0,0,116.0,0,0,0,0,0,0,0,114.0,0,0,0,0,0,0,0
2025-02-03,0,2,0,0.0,0,1.0,0.0,0,1.0,0.0,0,1.0,0.0,0,1.0,0.0,0,1.0,50.0,1.77,1,0,70.0,8.17,1,0,111.0,20.45,0,0,146.0,30,30,0,0,0,0,0,107.0,20,10,10,0,0,0,0
2025-02-04,1,2,0,0.0,0,1.0,0.0,0,1.0,0.0,0,1.0,0.0,0,1.0,0.0,0,1.0,50.0,1.77,1,0,70.0,8.17,1,0,111.0,20.45,0,0,146.0,0,0,0,0,0,0,0,97.0,0,0,0,0,0,0,0
2025-02-05,2,2,0,0.0,0,1.0,0.0,0,1.0,0.0,0,1.0,0.0,0,1.0,0.0,0,1.0,50.0,2.02,1,0,70.0,9.33,1,0,111.0,23.37,0,0,146.0,0,0,0,0,0,0,0,97.0,0,0,0,0,0,0,0
2025-02-06,3,2,0,0.0,0,1.0,0.0,0,1.0,0.0,0,1.0,0.0,0,1.0,0.0,0,1.0,50.0,2.02,1,0,70.0,9.33,1,0,111.0,23.37,0,0,146.0,0,0,0,0,0,0,0,97.0,0,0,0,0,0,0,0
2025-02-07,4,2,0,0.0,0,1.0,0.0,0,1.0,0.0,0,1.0,0.0,0,1.0,0.0,0,1.0,50.0,2.02,1,0,70.0,9.33,1,0,111.0,23.37,0,0,146.0,0,0,0,0,0,0,0,97.0,0,0,0,0,0,0,0
2025-02-08,5,2,1,0.0,0,1.0,0.0,0,1.0,0.0,0,1.0,0.0,0,1.0,0.0,0,1.0,50.0,2.02,1,0,70.0,9.33,1,0,111.0,23.37,0,0,146.0,0,0,0,0,0,0,0,97.0,0,0,0,0,0,0,0
2025-02-09,6,2,1,0.0,0,1.0,0.0,0,1.0,0.0,0,1.0,1.0,0,1.0,0.0,0,1.0,50.0,2.02,1,0,70.0,9.33,1,0,111.0,23.37,0,0,146.0,0,0,0,0,0,0,0,97.0,0,0,0,0,0,0,0
2025-02-10,0,2,0,0.0,0,1.0,0.0,0,1.0,0.0,0,1.0,2.0,0,1.0,0.0,0,1.0,0.0,0.0,1,0,50.0,5.83,1,0,105.0,19.34,0,0,166.0,30,20,10,0,0,0,0,97.0,20,0,20,9,0,0,0
2025-02-11,1,2,0,0.0,0,1.0,0.0,0,1.0,0.0,0,1.0,3.0,0,1.0,0.0,0,1.0,0.0,0.0,1,0,50.0,5.19,1,0,105.0,17.19,0,0,166.0,30,0,30,13,0,0,0,97.0,20,0,20,26,0,0,0
2025-02-12,2,2,0,0.0,0,1.0,0.0,0,1.0,0.0,1,1.0,4.0,0,1.0,0.0,0,1.0,0.0,0.0,1,0,312.0,36.4,0,0,105.0,19.34,0,0,166.0,0,0,0,15,0,0,0,97.0,0,0,0,12,0,0,0
2025-02-13,3,2,0,0.0,0,1.0,0.0,0,1.0,0.0,0,1.0,5.0,0,1.0,0.0,0,1.0,0.0,0.0,1,0,312.0,41.6,0,0,105.0,22.11,0,0,166.0,0,0,0,0,0,0,0,97.0,0,0,0,0,0,0,0
2025-02-14,4,2,0,0.0,0,1.0,0.0,0,1.0,0.0,0,1.0,6.0,1,0.7143,0.0,0,1.0,225.0,10.61,1,0,312.0,48.53,0,0,105.0,25.79,0,0,166.0,0,0,0,0,0,0,0,97.0,0,0,0,0,0,0,0
2025-02-15,5,2,1,0.0,0,1.0,0.0,0,1.0,0.0,0,1.0,7.0,0,1.0,0.0,0,1.0,225.0,10.61,1,0,312.0,48.53,0,0,105.0,25.79,0,0,151.0,0,0,0,0,0,0,0,97.0,0,0,0,0,0,0,0
2025-02-16,6,2,1,0.0,0,1.0,0.0,0,1.0,0.0,0,1.0,8.0,1,1.0,0.0,0,1.0,315.0,14.85,0,0,312.0,48.53,0,0,105.0,25.79,0,0,151.0,0,0,0,0,0,0,0,83.0,0,0,0,0,0,0,0
2025-02-17,0,2,0,0.0,0,1.0,0.0,0,1.0,0.0,0,1.0,0.0,0,1.0,0.0,0,1.0,315.0,14.85,0,0,312.0,48.53,0,0,105.0,25.79,0,0,138.0,0,0,0,0,0,0,0,83.0,0,0,0,0,0,0,0
2025-02-18,1,2,0,0.0,0,1.0,0.0,0,1.0,0.0,0,1.0,0.0,0,1.0,0.0,0,1.0,228.0,9.21,0,0,282.0,37.6,0,0,91.0,19.16,0,0,168.0,30,30,0,23,0,0,0,93.0,20,10,10,11,0,0,0
2025-02-19,2,2,0,0.0,0,1.0,0.0,0,1.0,0.0,0,1.0,0.0,0,1.0,0.0,0,1.0,129.0,5.21,1,1,252.0,33.6,0,0,72.0,15.16,1,1,198.0,30,30,0,0,0,0,0,108.0,20,20,0,0,0,0,0
2025-02-20,3,2,0,0.0,0,1.0,0.0,0,1.0,0.0,0,1.0,0.0,0,1.0,0.0,0,1.0,129.0,5.21,1,0,252.0,33.6,0,0,72.0,15.16,1,0,198.0,0,0,0,21,0,0,0,99.0,0,0,0,0,0,0,0
2025-02-21,4,2,0,0.0,0,1.0,0.0,0,1.0,0.0,0,1.0,0.0,0,1.0,0.0,0,1.0,30.0,1.21,1,0,222.0,29.6,0,0,53.0,11.16,1,0,220.0,30,30,0,0,0,0,0,107.0,20,20,0,15,0,0,0
2025-02-22,5,2,1,0.0,0,1.0,0.0,0,1.0,0.0,0,1.0,0.0,0,1.0,0.0,0,1.0,30.0,1.21,1,0,222.0,29.6,0,0,53.0,11.16,1,0,220.0,0,0,0,0,0,0,0,89.0,0,0,0,0,0,0,0
2025-02-23,6,2,1,0.0,0,1.0,0.0,0,1.0,0.0,0,1.0,0.0,0,1.0,0.0,0,1.0,30.0,1.21,1,0,222.0,29.6,0,0,53.0,11.16,1,0,220.0,0,0,0,0,0,0,0,89.0,0,0,0,0,0,0,0
2025-02-24,0,2,0,0.0,0,1.0,0.0,0,1.0,0.0,0,1.0,0.0,0,1.0,0.0,0,1.0,30.0,1.21,1,0,222.0,29.6,0,0,53.0,11.16,1,0,220.0,0,0,0,18,0,0,0,89.0,0,0,0,0,0,0,0
2025-02-25,1,2,0,0.0,0,1.0,0.0,0,1.0,0.0,0,1.0,0.0,0,1.0,0.0,0,1.0,30.0,1.21,1,0,222.0,29.6,0,0,53.0,11.16,1,0,220.0,0,0,0,0,0,0,0,89.0,0,0,0,0,0,0,0
2025-02-26,2,2,0,0.0,0,1.0,0.0,0,1.0,0.0,0,1.0,0.0,0,1.0,0.0,0,1.0,30.0,1.21,1,0,222.0,29.6,0,0,53.0,11.16,1,0,205.0,0,0,0,19,0,0,0,83.0,0,0,0,0,0,0,0
2025-02-27,3,2,0,0.0,0,1.0,0.0,0,1.0,0.0,0,1.0,0.0,0,1.0,0.0,0,1.0,30.0,1.41,1,0,222.0,34.53,0,0,53.0,13.02,1,0,185.0,0,0,0,0,0,0,0,83.0,0,0,0,0,0,0,0
2025-02-28,4,2,0,0.0,0,1.0,0.0,0,1.0,0.0,0,1.0,0.0,1,1.0,0.0,0,1.0,427.0,20.13,0,0,222.0,34.53,0,0,53.0,13.02,1,0,177.0,0,0,0,0,0,0,0,83.0,0,0,0,0,0,0,0
2025-03-01,5,3,1,0.0,0,1.0,0.0,0,1.0,0.0,0,1.0,0.0,0,1.0,0.0,0,1.0,427.0,20.13,0,0,222.0,34.53,0,0,53.0,13.02,1,0,169.0,0,0,0,0,0,0,0,83.0,0,0,0,0,0,0,0
2025-03-02,6,3,1,0.0,0,1.0,0.0,0,1.0,0.0,0,1.0,0.0,0,1.0,0.0,0,1.0,427.0,20.13,0,0,222.0,34.53,0,0,53.0,13.02,1,0,158.0,0,0,0,0,0,0,0,74.0,0,0,0,0,0,0,0
2025-03-03,0,3,0,0.0,0,1.0,0.0,0,1.0,0.0,0,1.0,0.0,0,1.0,0.0,0,1.0,427.0,24.15,0,0,222.0,41.44,0,0,53.0,15.62,1,0,158.0,0,0,0,0,0,0,0,74.0,0,0,0,0,0,0,0
2025-03-04,1,3,0,0.0,0,1.0,0.0,0,1.0,0.0,0,1.0,0.0,0,1.0,1.0,0,1.0,427.0,24.15,0,0,222.0,41.44,0,0,53.0,15.62,1,0,158.0,0,0,0,0,0,0,0,74.0,0,0,0,23,0,0,0
2025-03-05,2,3,0,0.0,0,1.0,0.0,0,1.0,0.0,0,1.0,0.0,0,1.0,2.0,0,1.0,328.0,15.46,0,0,192.0,29.87,0,0,34.0,8.35,1,0,177.0,30,30,0,0,0,0,0,94.0,20,20,0,0,0,0,0
2025-03-06,3,3,0,0.0,0,1.0,0.0,0,1.0,0.0,0,1.0,0.0,0,1.0,3.0,0,1.0,328.0,15.46,0,0,192.0,29.87,0,0,34.0,8.35,1,0,177.0,0,0,0,0,0,0,0,94.0,0,0,0,0,0,0,0
2025-03-07,4,3,0,0.0,0,1.0,0.0,0,1.0,0.0,0,1.0,0.0,0,1.0,4.0,0,1.0,229.0,9.25,0,0,162.0,21.6,0,0,15.0,3.16,1,0,207.0,30,30,0,0,0,0,0,114.0,20,20,0,0,0,0,0
2025-03-08,5,3,1,0.0,0,1.0,0.0,0,1.0,0.0,0,1.0,0.0,0,1.0,5.0,1,1.0,229.0,9.25,0,0,162.0,21.6,0,0,169.0,35.58,0,0,207.0,0,0,0,0,0,0,0,114.0,0,0,0,0,0,0,0
2025-03-09,6,3,1,0.0,0,1.0,0.0,0,1.0,0.0,0,1.0,0.0,0,1.0,0.0,0,1.0,229.0,9.25,0,0,162.0,21.6,0,0,169.0,35.58,0,0,207.0,0,0,0,0,0,0,0,114.0,0,0,0,0,0,0,0
2025-03-10,0,3,0,0.0,0,1.0,0.0,0,1.0,0.0,0,1.0,0.0,0,1.0,0.0,0,1.0,229.0,10.79,0,0,162.0,25.2,0,0,169.0,41.51,0,0,207.0,0,0,0,0,0,0,0,114.0,0,0,0,0,0,0,0
2025-03-11,1,3,0,0.0,0,1.0,0.0,0,1.0,0.0,0,1.0,0.0,0,1.0,0.0,0,1.0,142.0,6.69,1,1,132.0,20.53,0,0,155.0,38.07,0,0,237.0,30,30,0,9,0,0,0,101.0,20,10,10,26,0,0,0
2025-03-12,2,3,0,0.0,0,1.0,0.0,0,1.0,0.0,0,1.0,0.0,0,1.0,0.0,0,1.0,142.0,6.69,1,0,132.0,20.53,0,0,155.0,38.07,0,0,237.0,0,0,0,24,0,0,0,101.0,0,0,0,6,0,0,0
2025-03-13,3,3,0,0.0,0,1.0,0.0,0,1.0,0.0,0,1.0,0.0,0,1.0,0.0,0,1.0,142.0,6.69,1,0,132.0,20.53,0,0,155.0,38.07,0,0,237.0,0,0,0,14,0,0,0,101.0,0,0,0,0,0,0,0
2025-03-14,4,3,0,0.0,0,1.0,0.0,0,1.0,0.0,0,1.0,0.0,0,1.0,0.0,0,1.0,43.0,1.74,1,0,102.0,13.6,1,1,136.0,28.63,0,0,267.0,30,30,0,0,0,0,0,121.0,20,20,0,9,0,0,0
2025-03-15,5,3,1,0.0,0,1.0,0.0,0,1.0,0.0,0,1.0,0.0,0,1.0,0.0,0,1.0,43.0,1.74,1,0,102.0,13.6,1,0,136.0,28.63,0,0,267.0,0,0,0,0,0,0,0,115.0,0,0,0,0,0,0,0
2025-03-16,6,3,1,0.0,0,1.0,0.0,0,1.0,0.0,0,1.0,0.0,0,1.0,0.0,0,1.0,43.0,1.74,1,0,102.0,13.6,1,0,136.0,28.63,0,0,247.0,0,0,0,0,0,0,0,115.0,0,0,0,0,0,0,0
2025-03-17,0,3,0,0.0,0,1.0,0.0,0,1.0,0.0,0,1.0,0.0,0,1.0,0.0,0,1.0,19.0,0.67,1,0,102.0,11.9,1,0,126.0,23.21,0,0,233.0,30,0,30,0,0,0,0,135.0,20,20,0,0,0,0,0
2025-03-18,1,3,0,0.0,0,1.0,0.0,0,1.0,0.0,0,1.0,0.0,0,1.0,0.0,0,1.0,7.0,0.25,1,0,102.0,11.9,1,0,121.0,22.29,0,0,233.0,30,0,30,0,0,0,0,119.0,20,10,10,0,0,0,0
2025-03-19,2,3,0,0.0,0,1.0,0.0,0,1.0,0.0,0,1.0,0.0,0,1.0,0.0,0,1.0,7.0,0.28,1,0,102.0,13.6,1,0,121.0,25.47,0,0,220.0,0,0,0,0,0,0,0,119.0,0,0,0,0,0,0,0
2025-03-20,3,3,0,0.0,0,1.0,0.0,0,1.0,0.0,0,1.0,0.0,0,1.0,0.0,0,1.0,7.0,0.25,1,0,102.0,11.9,1,0,121.0,22.29,0,0,220.0,30,0,30,0,0,0,0,119.0,20,0,20,0,0,0,0
2025-03-21,4,3,0,0.0,0,1.0,0.0,0,1.0,0.0,0,1.0,1.0,1,1.0,0.0,0,1.0,381.0,15.39,0,0,102.0,13.6,1,0,121.0,25.47,0,0,220.0,0,0,0,39,0,0,0,119.0,0,0,0,0,0,0,0
2025-03-22,5,3,1,0.0,0,1.0,0.0,0,1.0,0.0,0,1.0,0.0,0,1.0,0.0,0,1.0,381.0,15.39,0,0,102.0,13.6,1,0,121.0,25.47,0,0,220.0,0,0,0,0,0,0,0,119.0,0,0,0,0,0,0,0
2025-03-23,6,3,1,0.0,0,1.0,0.0,0,1.0,0.0,0,1.0,0.0,0,1.0,0.0,0,1.0,381.0,15.39,0,0,102.0,13.6,1,0,121.0,25.47,0,0,220.0,0,0,0,0,0,0,0,110.0,0,0,0,0,0,0,0
2025-03-24,0,3,0,0.0,0,1.0,0.0,0,1.0,0.0,0,1.0,0.0,0,1.0,0.0,0,1.0,381.0,15.39,0,0,102.0,13.6,1,0,121.0,25.47,0,0,220.0,0,0,0,0,0,0,0,110.0,0,0,0,0,0,0,0
2025-03-25,1,3,0,0.0,0,1.0,0.0,0,1.0,0.0,0,1.0,0.0,0,1.0,0.0,0,1.0,282.0,9.97,0,0,72.0,8.4,1,0,102.0,18.79,0,0,240.0,30,30,0,0,0,0,0,130.0,20,20,0,0,0,0,0
2025-03-26,2,3,0,0.0,0,1.0,0.0,0,1.0,0.0,0,1.0,0.0,0,1.0,0.0,0,1.0,282.0,9.97,0,0,72.0,8.4,1,0,102.0,18.79,0,0,240.0,0,0,0,20,0,0,0,130.0,0,0,0,0,0,0,0
2025-03-27,3,3,0,0.0,0,1.0,0.0,0,1.0,0.0,1,1.0,0.0,0,1.0,0.0,0,1.0,282.0,9.97,0,0,345.0,40.25,0,0,102.0,18.79,0,0,223.0,0,0,0,22,0,0,0,130.0,0,0,0,7,0,0,0
2025-03-28,4,3,0,0.0,0,1.0,0.0,0,1.0,0.0,0,1.0,0.0,0,1.0,0.0,0,1.0,282.0,9.97,0,0,345.0,40.25,0,0,102.0,18.79,0,0,223.0,0,0,0,0,0,0,0,130.0,0,0,0,0,0,0,0
2025-03-29,5,3,1,0.0,0,1.0,0.0,0,1.0,0.0,0,1.0,0.0,0,1.0,0.0,0,1.0,282.0,9.97,0,0,345.0,40.25,0,0,102.0,18.79,0,0,223.0,0,0,0,0,0,0,0,130.0,0,0,0,0,0,0,0
2025-03-30,6,3,1,0.0,0,1.0,0.0,0,1.0,0.0,0,1.0,0.0,0,1.0,0.0,0,1.0,282.0,9.97,0,0,345.0,40.25,0,0,102.0,18.79,0,0,211.0,0,0,0,0,0,0,0,130.0,0,0,0,0,0,0,0
2025-03-31,0,3,0,0.0,0,1.0,0.0,0,1.0,0.0,0,1.0,0.0,0,1.0,0.0,0,1.0,183.0,5.75,1,1,315.0,32.67,0,0,83.0,13.59,1,1,219.0,30,30,0,0,0,0,0,150.0,20,20,0,0,0,0,0
2025-04-01,1,4,0,0.0,0,1.0,0.0,0,1.0,0.0,0,1.0,0.0,0,1.0,0.0,0,1.0,183.0,5.75,1,0,315.0,32.67,0,0,83.0,13.59,1,0,219.0,0,0,0,0,0,0,0,143.0,0,0,0,0,0,0,0
2025-04-02,2,4,0,0.0,0,1.0,0.0,0,1.0,0.0,0,1.0,0.0,0,1.0,0.0,0,1.0,84.0,2.64,1,0,285.0,29.56,0,0,64.0,10.48,1,0,249.0,30,30,0,0,0,0,0,163.0,20,20,0,16,0,0,0
2025-04-03,3,4,0,0.0,0,1.0,0.0,0,1.0,0.0,0,1.0,0.0,0,1.0,0.0,0,1.0,84.0,2.64,1,0,285.0,29.56,0,0,64.0,10.48,1,0,229.0,0,0,0,0,0,0,0,163.0,0,0,0,0,0,0,0
2025-04-04,4,4,0,0.0,0,1.0,0.0,0,1.0,0.0,0,1.0,0.0,0,1.0,0.0,0,1.0,84.0,2.97,1,0,285.0,33.25,0,0,64.0,11.79,1,0,229.0,0,0,0,22,0,0,0,163.0,0,0,0,0,0,0,0
2025-04-05,5,4,1,0.0,0,1.0,0.0,0,1.0,0.0,0,1.0,0.0,0,1.0,0.0,0,1.0,84.0,2.97,1,0,285.0,33.25,0,0,64.0,11.79,1,0,229.0,0,0,0,0,0,0,0,156.0,0,0,0,0,0,0,0
2025-04-06,6,4,1,0.0,0,1.0,0.0,0,1.0,0.0,0,1.0,0.0,0,1.0,0.0,0,1.0,84.0,2.97,1,0,285.0,33.25,0,0,64.0,11.79,1,0,229.0,0,0,0,0,0,0,0,156.0,0,0,0,0,0,0,0
2025-04-07,0,4,0,0.0,0,1.0,0.0,0,1.0,0.0,0,1.0,0.0,0,1.0,0.0,0,1.0,35.0,1.1,1,0,275.0,28.52,0,0,51.0,8.35,1,0,239.0,30,10,20,0,0,0,0,176.0,20,20,0,0,0,0,0
2025-04-08,1,4,0,0.0,0,1.0,0.0,0,1.0,0.0,0,1.0,0.0,0,1.0,0.0,0,1.0,35.0,1.24,1,0,275.0,32.08,0,0,51.0,9.39,1,0,217.0,0,0,0,34,0,0,0,167.0,0,0,0,0,0,0,0
2025-04-09,2,4,0,0.0,0,1.0,0.0,0,1.0,0.0,0,1.0,0.0,0,1.0,0.0,0,1.0,11.0,0.35,1,0,275.0,28.52,0,0,41.0,6.71,1,0,217.0,30,0,30,16,0,0,0,187.0,20,20,0,0,0,0,0
2025-04-10,3,4,0,0.0,0,1.0,0.0,0,1.0,0.0,0,1.0,1.0,1,1.0,0.0,0,1.0,281.0,7.95,0,0,245.0,22.87,0,0,22.0,3.24,1,0,247.0,30,30,0,0,0,0,0,207.0,20,20,0,0,0,0,0
2025-04-11,4,4,0,0.0,0,1.0,0.0,0,1.0,0.0,0,1.0,0.0,0,1.0,0.0,0,1.0,281.0,8.83,0,0,245.0,25.41,0,0,22.0,3.6,1,0,236.0,0,0,0,0,0,0,0,207.0,0,0,0,0,0,0,0
2025-04-12,5,4,1,0.0,0,1.0,0.0,0,1.0,0.0,0,1.0,0.0,0,1.0,0.0,0,1.0,281.0,8.83,0,0,245.0,25.41,0,0,22.0,3.6,1,0,220.0,0,0,0,0,0,0,0,207.0,0,0,0,0,0,0,0
2025-04-13,6,4,1,0.0,0,1.0,0.0,0,1.0,0.0,0,1.0,0.0,0,1.0,1.0,1,1.0,281.0,8.83,0,0,245.0,25.41,0,0,194.0,31.77,0,0,220.0,0,0,0,0,0,0,0,207.0,0,0,0,0,0,0,0
2025-04-14,0,4,0,0.0,0,1.0,0.0,0,1.0,0.0,0,1.0,0.0,0,1.0,0.0,0,1.0,281.0,9.93,0,0,245.0,28.58,0,0,194.0,35.74,0,0,220.0,0,0,0,0,0,0,0,207.0,0,0,0,0,0,0,0
2025-04-15,1,4,0,0.0,0,1.0,0.0,0,1.0,0.0,0,1.0,0.0,0,1.0,0.0,0,1.0,281.0,11.35,0,0,245.0,32.67,0,0,194.0,40.84,0,0,220.0,0,0,0,16,0,0,0,207.0,0,0,0,6,0,0,0
2025-04-16,2,4,0,0.0,0,1.0,0.0,0,1.0,0.0,0,1.0,0.0,0,1.0,0.0,0,1.0,281.0,11.35,0,0,245.0,32.67,0,0,194.0,40.84,0,0,212.0,0,0,0,0,0,0,0,207.0,0,0,0,0,0,0,0
2025-04-17,3,4,0,0.0,0,1.0,0.0,0,1.0,0.0,0,1.0,0.0,0,1.0,0.0,0,1.0,281.0,13.25,0,0,245.0,38.11,0,0,194.0,47.65,0,0,212.0,0,0,0,0,0,0,0,207.0,0,0,0,0,0,0,0
2025-04-18,4,4,0,0.0,0,1.0,0.0,0,1.0,0.0,0,1.0,0.0,0,1.0,0.0,0,1.0,281.0,13.25,0,0,245.0,38.11,0,0,194.0,47.65,0,0,181.0,0,0,0,0,0,0,0,207.0,0,0,0,0,0,0,0
2025-04-19,5,4,1,0.0,0,1.0,0.0,0,1.0,0.0,0,1.0,0.0,0,1.0,0.0,0,1.0,281.0,13.25,0,0,245.0,38.11,0,0,194.0,47.65,0,0,181.0,0,0,0,0,0,0,0,207.0,0,0,0,0,0,0,0
2025-04-20,6,4,1,0.0,0,1.0,0.0,0,1.0,0.0,0,1.0,0.0,0,1.0,0.0,0,1.0,281.0,13.25,0,0,245.0,38.11,0,0,194.0,47.65,0,0,181.0,0,0,0,0,0,0,0,207.0,0,0,0,0,0,0,0
2025-04-21,0,4,0,0.0,0,1.0,0.0,0,1.0,0.0,0,1.0,0.0,0,1.0,0.0,0,1.0,281.0,13.25,0,0,245.0,38.11,0,0,194.0,47.65,0,0,181.0,0,0,0,0,0,0,0,207.0,0,0,0,0,0,0,0
2025-04-22,1,4,0,0.0,0,1.0,0.0,0,1.0,0.0,0,1.0,0.0,0,1.0,0.0,0,1.0,281.0,15.89,0,0,245.0,45.73,0,0,194.0,57.18,0,0,181.0,0,0,0,0,0,0,0,207.0,0,0,0,0,0,0,0
2025-04-23,2,4,0,0.0,0,1.0,0.0,0,1.0,0.0,0,1.0,0.0,0,1.0,0.0,0,1.0,182.0,8.58,1,1,215.0,33.44,0,0,175.0,42.98,0,0,211.0,30,30,0,0,0,0,0,227.0,20,20,0,0,0,0,0
2025-04-24,3,4,0,0.0,0,1.0,0.0,0,1.0,0.0,0,1.0,0.0,0,1.0,0.0,0,1.0,182.0,8.58,1,0,215.0,33.44,0,0,175.0,42.98,0,0,211.0,0,0,0,0,0,0,0,227.0,0,0,0,11,0,0,0
2025-04-25,4,4,0,0.0,0,1.0,0.0,0,1.0,0.0,0,1.0,0.0,0,1.0,0.0,0,1.0,182.0,8.58,1,0,215.0,33.44,0,0,175.0,42.98,0,0,211.0,0,0,0,0,0,0,0,221.0,0,0,0,8,0,0,0
2025-04-26,5,4,1,0.0,0,1.0,0.0,0,1.0,0.0,0,1.0,0.0,0,1.0,0.0,0,1.0,182.0,8.58,1,0,215.0,33.44,0,0,175.0,42.98,0,0,211.0,0,0,0,0,0,0,0,221.0,0,0,0,0,0,0,0
2025-04-27,6,4,1,0.0,0,1.0,0.0,0,1.0,0.0,0,1.0,0.0,0,1.0,0.0,0,1.0,182.0,8.58,1,0,215.0,33.44,0,0,175.0,42.98,0,0,211.0,0,0,0,0,0,0,0,221.0,0,0,0,0,0,0,0
2025-04-28,0,4,0,0.0,0,1.0,0.0,0,1.0,0.0,0,1.0,0.0,0,1.0,0.0,0,1.0,182.0,10.29,1,0,215.0,40.13,0,0,175.0,51.58,0,0,211.0,0,0,0,10,0,0,0,221.0,0,0,0,0,0,0,0
2025-04-29,1,4,0,0.0,0,1.0,0.0,0,1.0,0.0,0,1.0,0.0,0,1.0,0.0,0,1.0,83.0,3.91,1,0,185.0,28.78,0,0,156.0,38.32,0,0,241.0,30,30,0,0,0,0,0,241.0,20,20,0,0,0,0,0
2025-04-30,2,4,0,0.0,0,1.0,0.0,0,1.0,0.0,0,1.0,0.0,0,1.0,0.0,0,1.0,83.0,4.69,1,0,185.0,34.53,0,0,156.0,45.98,0,0,241.0,0,0,0,0,0,0,0,241.0,0,0,0,0,0,0,0
2025-05-01,3,5,0,0.0,0,1.0,0.0,0,1.0,0.0,0,1.0,0.0,0,1.0,0.0,0,1.0,83.0,4.69,1,0,185.0,34.53,0,0,156.0,45.98,0,0,241.0,0,0,0,25,0,0,0,241.0,0,0,0,0,0,0,0
2025-05-02,4,5,0,0.0,0,1.0,0.0,0,1.0,0.0,0,1.0,0.0,0,1.0,0.0,0,1.0,8.0,0.38,1,0,155.0,24.11,0,0,147.0,36.11,0,0,271.0,30,30,0,13,0,0,0,230.0,20,0,20,8,0,0,0
2025-05-03,5,5,1,0.0,0,1.0,0.0,0,1.0,0.0,0,1.0,1.0,0,1.0,0.0,0,1.0,8.0,0.38,1,0,155.0,24.11,0,0,147.0,36.11,0,0,271.0,0,0,0,0,0,0,0,230.0,0,0,0,0,0,0,0
2025-05-04,6,5,1,0.0,0,1.0,0.0,0,1.0,0.0,0,1.0,2.0,0,1.0,0.0,0,1.0,8.0,0.38,1,0,155.0,24.11,0,0,147.0,36.11,0,0,271.0,0,0,0,0,0,0,0,222.0,0,0,0,0,0,0,0
2025-05-05,0,5,0,0.0,0,1.0,0.0,0,1.0,0.0,0,1.0,3.0,0,1.0,0.0,0,1.0,8.0,0.45,1,0,155.0,28.93,0,0,147.0,43.33,0,0,261.0,0,0,0,0,0,0,0,214.0,0,0,0,0,0,0,0
2025-05-06,1,5,0,0.0,0,1.0,0.0,0,1.0,0.0,0,1.0,4.0,0,1.0,0.0,0,1.0,8.0,0.45,1,0,155.0,28.93,0,0,147.0,43.33,0,0,248.0,0,0,0,16,0,0,0,214.0,0,0,0,12,0,0,0
2025-05-07,2,5,0,0.0,0,1.0,0.0,0,1.0,0.0,0,1.0,5.0,0,1.0,0.0,0,1.0,8.0,0.57,1,0,155.0,36.17,0,0,147.0,54.16,0,0,248.0,0,0,0,0,0,0,0,214.0,0,0,0,0,0,0,0
2025-05-08,3,5,0,0.0,0,1.0,0.0,0,1.0,0.0,0,1.0,6.0,1,0.6825,0.0,0,1.0,253.0,23.85,1,0,155.0,48.22,0,0,147.0,72.21,0,0,248.0,0,0,0,0,0,0,0,214.0,0,0,0,0,0,0,0
2025-05-09,4,5,0,0.0,0,1.0,0.0,0,1.0,0.0,0,1.0,7.0,0,1.0,0.0,0,1.0,166.0,11.74,1,0,125.0,29.17,0,0,133.0,49.0,0,0,278.0,30,30,0,0,0,0,0,224.0,20,10,10,0,0,0,0
2025-05-10,5,5,1,0.0,0,1.0,0.0,0,1.0,0.0,0,1.0,8.0,1,1.0,0.0,0,1.0,280.0,19.8,0,0,125.0,29.17,0,0,133.0,49.0,0,0,278.0,0,0,0,0,0,0,0,224.0,0,0,0,0,0,0,0
2025-05-11,6,5,1,0.0,0,1.0,0.0,0,1.0,0.0,0,1.0,0.0,0,1.0,0.0,0,1.0,280.0,19.8,0,0,125.0,29.17,0,0,133.0,49.0,0,0,253.0,0,0,0,0,0,0,0,224.0,0,0,0,0,0,0,0
2025-05-12,0,5,0,0.0,0,1.0,0.0,0,1.0,0.0,0,1.0,0.0,0,1.0,0.0,0,1.0,280.0,19.8,0,0,125.0,29.17,0,0,133.0,49.0,0,0,253.0,0,0,0,15,0,0,0,224.0,0,0,0,17,0,0,0
2025-05-13,1,5,0,0.0,0,1.0,0.0,0,1.0,0.0,0,1.0,0.0,0,1.0,0.0,0,1.0,193.0,10.92,1,1,95.0,17.73,1,1,119.0,35.07,0,0,267.0,30,30,0,25,0,0,0,222.0,20,10,10,9,0,0,0
2025-05-14,2,5,0,0.0,0,1.0,0.0,0,1.0,0.0,0,1.0,0.0,0,1.0,0.0,0,1.0,193.0,10.92,1,0,95.0,17.73,1,0,119.0,35.07,0,0,267.0,0,0,0,0,0,0,0,222.0,0,0,0,8,0,0,0
2025-05-15,3,5,0,0.0,0,1.0,0.0,0,1.0,0.0,0,1.0,0.0,0,1.0,0.0,0,1.0,193.0,10.92,1,0,95.0,17.73,1,0,119.0,35.07,0,0,267.0,0,0,0,0,0,0,0,222.0,0,0,0,6,0,0,0
2025-05-16,4,5,0,0.0,0,1.0,0.0,0,1.0,0.0,0,1.0,0.0,0,1.0,0.0,0,1.0,193.0,10.92,1,0,95.0,17.73,1,0,119.0,35.07,0,0,267.0,0,0,0,0,0,0,0,222.0,0,0,0,0,0,0,0
2025-05-17,5,5,1,0.0,0,1.0,0.0,0,1.0,0.0,0,1.0,0.0,0,1.0,0.0,0,1.0,193.0,10.92,1,0,95.0,17.73,1,0,119.0,35.07,0,0,267.0,0,0,0,0,0,0,0,222.0,0,0,0,0,0,0,0
2025-05-18,6,5,1,0.0,0,1.0,0.0,0,1.0,0.0,0,1.0,0.0,0,1.0,0.0,0,1.0,193.0,10.92,1,0,95.0,17.73,1,0,119.0,35.07,0,0,267.0,0,0,0,0,0,0,0,213.0,0,0,0,0,0,0,0
2025-05-19,0,5,0,0.0,0,1.0,0.0,0,1.0,0.0,0,1.0,0.0,0,1.0,0.0,0,1.0,193.0,10.92,1,0,95.0,17.73,1,0,119.0,35.07,0,0,267.0,0,0,0,0,0,0,0,213.0,0,0,0,0,0,0,0
2025-05-20,1,5,0,0.0,0,1.0,0.0,0,1.0,0.0,0,1.0,0.0,0,1.0,0.0,0,1.0,193.0,10.92,1,0,95.0,17.73,1,0,119.0,35.07,0,0,242.0,0,0,0,35,0,0,0,199.0,0,0,0,10,0,0,0
2025-05-21,2,5,0,0.0,0,1.0,0.0,0,1.0,0.0,0,1.0,0.0,1,1.0,0.0,0,1.0,590.0,41.72,0,0,95.0,22.17,1,0,119.0,43.84,0,0,242.0,0,0,0,0,0,0,0,191.0,0,0,0,0,0,0,0
2025-05-22,3,5,0,0.0,0,1.0,0.0,0,1.0,0.0,0,1.0,0.0,0,1.0,0.0,0,1.0,590.0,41.72,0,0,95.0,22.17,1,0,119.0,43.84,0,0,227.0,0,0,0,0,0,0,0,191.0,0,0,0,9,0,0,0
2025-05-23,4,5,0,0.0,0,1.0,0.0,0,1.0,0.0,0,1.0,0.0,0,1.0,0.0,0,1.0,590.0,41.72,0,0,95.0,22.17,1,0,119.0,43.84,0,0,227.0,0,0,0,0,0,0,0,182.0,0,0,0,0,0,0,0
2025-05-24,5,5,1,0.0,0,1.0,0.0,0,1.0,0.0,0,1.0,0.0,0,1.0,0.0,0,1.0,590.0,41.72,0,0,95.0,22.17,1,0,119.0,43.84,0,0,227.0,0,0,0,0,0,0,0,182.0,0,0,0,0,0,0,0
2025-05-25,6,5,1,0.0,0,1.0,0.0,0,1.0,0.0,0,1.0,0.0,0,1.0,0.0,0,1.0,590.0,41.72,0,0,95.0,22.17,1,0,119.0,43.84,0,0,227.0,0,0,0,0,0,0,0,182.0,0,0,0,0,0,0,0
2025-05-26,0,5,0,0.0,0,1.0,0.0,0,1.0,0.0,0,1.0,0.0,0,1.0,0.0,0,1.0,590.0,41.72,0,0,95.0,22.17,1,0,119.0,43.84,0,0,214.0,0,0,0,0,0,0,0,182.0,0,0,0,0,0,0,0
2025-05-27,1,5,0,0.0,0,1.0,0.0,0,1.0,0.0,0,1.0,0.0,0,1.0,0.0,0,1.0,590.0,55.62,0,0,95.0,29.56,1,0,119.0,58.46,0,0,214.0,0,0,0,0,0,0,0,173.0,0,0,0,0,0,0,0
2025-05-28,2,5,0,0.0,0,1.0,0.0,0,1.0,1.0,0,1.0,0.0,0,1.0,0.0,0,1.0,590.0,55.62,0,0,95.0,29.56,1,0,119.0,58.46,0,0,192.0,0,0,0,21,0,0,0,163.0,0,0,0,11,0,0,0
2025-05-29,3,5,0,0.0,0,1.0,0.0,0,1.0,2.0,0,1.0,0.0,0,1.0,0.0,0,1.0,590.0,55.62,0,0,95.0,29.56,1,0,119.0,58.46,0,0,192.0,0,0,0,7,0,0,0,163.0,0,0,0,8,0,0,0
2025-05-30,4,5,0,0.0,0,1.0,0.0,0,1.0,3.0,0,1.0,0.0,0,1.0,0.0,0,1.0,528.0,49.78,0,0,75.0,23.33,1,0,108.0,53.05,0,0,212.0,30,20,10,13,0,0,0,173.0,20,10,10,0,0,0,0
2025-05-31,5,5,1,0.0,0,1.0,0.0,0,1.0,4.0,0,1.0,0.0,0,1.0,0.0,0,1.0,528.0,49.78,0,0,75.0,23.33,1,0,108.0,53.05,0,0,212.0,0,0,0,0,0,0,0,173.0,0,0,0,0,0,0,0
2025-06-01,6,6,1,0.0,0,1.0,0.0,0,1.0,5.0,1,1.0,0.0,0,1.0,0.0,0,1.0,528.0,49.78,0,0,326.0,101.42,0,0,108.0,53.05,0,0,212.0,0,0,0,0,0,0,0,162.0,0,0,0,0,0,0,0
2025-06-02,0,6,0,0.0,0,1.0,0.0,0,1.0,0.0,0,1.0,0.0,0,1.0,0.0,0,1.0,429.0,30.33,0,0,296.0,69.07,0,0,89.0,32.79,1,1,208.0,30,30,0,8,0,0,0,182.0,20,20,0,20,0,0,0
2025-06-03,1,6,0,0.0,0,1.0,0.0,0,1.0,0.0,0,1.0,0.0,0,1.0,0.0,0,1.0,429.0,30.33,0,0,296.0,69.07,0,0,89.0,32.79,1,0,208.0,0,0,0,0,0,0,0,182.0,0,0,0,0,0,0,0
2025-06-04,2,6,0,0.0,0,1.0,0.0,0,1.0,0.0,0,1.0,0.0,0,1.0,0.0,0,1.0,429.0,30.33,0,0,296.0,69.07,0,0,89.0,32.79,1,0,208.0,0,0,0,0,0,0,0,182.0,0,0,0,0,0,0,0
2025-06-05,3,6,0,0.0,0,1.0,0.0,0,1.0,0.0,0,1.0,0.0,0,1.0,0.0,0,1.0,429.0,30.33,0,0,296.0,69.07,0,0,89.0,32.79,1,0,208.0,0,0,0,0,0,0,0,182.0,0,0,0,0,0,0,0
2025-06-06,4,6,0,0.0,0,1.0,0.0,0,1.0,0.0,0,1.0,0.0,0,1.0,0.0,0,1.0,355.0,25.1,0,0,276.0,64.4,0,0,73.0,26.89,1,0,221.0,30,20,10,20,0,0,0,186.0,20,20,0,14,0,0,0
2025-06-07,5,6,1,0.0,0,1.0,0.0,0,1.0,0.0,0,1.0,0.0,0,1.0,0.0,0,1.0,355.0,25.1,0,0,276.0,64.4,0,0,73.0,26.89,1,0,221.0,0,0,0,0,0,0,0,186.0,0,0,0,0,0,0,0
2025-06-08,6,6,1,0.0,0,1.0,0.0,0,1.0,0.0,0,1.0,0.0,0,1.0,0.0,0,1.0,355.0,25.1,0,0,276.0,64.4,0,0,73.0,26.89,1,0,213.0,0,0,0,0,0,0,0,186.0,0,0,0,0,0,0,0
2025-06-09,0,6,0,0.0,0,1.0,0.0,0,1.0,0.0,0,1.0,0.0,0,1.0,0.0,0,1.0,355.0,25.1,0,0,276.0,64.4,0,0,73.0,26.89,1,0,213.0,0,0,0,21,0,0,0,180.0,0,0,0,8,0,0,0
2025-06-10,1,6,0,0.0,0,1.0,0.0,0,1.0,0.0,0,1.0,0.0,0,1.0,0.0,0,1.0,355.0,33.47,0,0,276.0,85.87,0,0,73.0,35.86,1,0,213.0,0,0,0,0,0,0,0,180.0,0,0,0,0,0,0,0
2025-06-11,2,6,0,0.0,0,1.0,0.0,0,1.0,0.0,0,1.0,0.0,0,1.0,0.0,0,1.0,355.0,33.47,0,0,276.0,85.87,0,0,73.0,35.86,1,0,193.0,0,0,0,0,0,0,0,168.0,0,0,0,0,0,0,0
2025-06-12,3,6,0,0.0,0,1.0,0.0,0,1.0,0.0,0,1.0,0.0,0,1.0,0.0,0,1.0,256.0,18.1,0,0,246.0,57.4,0,0,54.0,19.89,1,0,223.0,30,30,0,0,0,0,0,188.0,20,20,0,0,0,0,0
2025-06-13,4,6,0,0.0,0,1.0,0.0,0,1.0,0.0,0,1.0,0.0,0,1.0,0.0,0,1.0,256.0,18.1,0,0,246.0,57.4,0,0,54.0,19.89,1,0,223.0,0,0,0,0,0,0,0,188.0,0,0,0,0,0,0,0
2025-06-14,5,6,1,0.0,0,1.0,0.0,0,1.0,0.0,0,1.0,0.0,0,1.0,0.0,0,1.0,256.0,18.1,0,0,246.0,57.4,0,0,54.0,19.89,1,0,223.0,0,0,0,0,0,0,0,188.0,0,0,0,0,0,0,0
2025-06-15,6,6,1,0.0,0,1.0,0.0,0,1.0,0.0,0,1.0,0.0,0,1.0,1.0,0,1.0,256.0,18.1,0,0,246.0,57.4,0,0,54.0,19.89,1,0,223.0,0,0,0,0,0,0,0,172.0,0,0,0,0,0,0,0
2025-06-16,0,6,0,0.0,0,1.0,0.0,0,1.0,0.0,0,1.0,0.0,0,1.0,2.0,1,1.0,256.0,18.1,0,0,246.0,57.4,0,0,226.0,83.26,0,0,213.0,0,0,0,0,0,0,0,172.0,0,0,0,6,0,0,0
2025-06-17,1,6,0,0.0,0,1.0,0.0,0,1.0,0.0,0,1.0,0.0,0,1.0,0.0,0,1.0,182.0,10.29,1,1,226.0,42.19,0,0,210.0,61.89,0,0,222.0,30,20,10,23,0,0,0,192.0,20,20,0,11,0,0,0
2025-06-18,2,6,0,0.0,0,1.0,0.0,0,1.0,0.0,0,1.0,0.0,0,1.0,0.0,0,1.0,182.0,10.29,1,0,226.0,42.19,0,0,210.0,61.89,0,0,222.0,0,0,0,0,0,0,0,192.0,0,0,0,0,0,0,0
2025-06-19,3,6,0,0.0,0,1.0,0.0,0,1.0,0.0,0,1.0,0.0,0,1.0,0.0,0,1.0,182.0,10.29,1,0,226.0,42.19,0,0,210.0,61.89,0,0,222.0,0,0,0,0,0,0,0,192.0,0,0,0,0,0,0,0
2025-06-20,4,6,0,0.0,0,1.0,0.0,0,1.0,0.0,0,1.0,0.0,0,1.0,0.0,0,1.0,108.0,5.09,1,0,206.0,32.04,0,0,194.0,47.65,0,0,229.0,30,20,10,28,0,0,0,195.0,20,20,0,7,0,0,0
2025-06-21,5,6,1,0.0,0,1.0,0.0,0,1.0,0.0,0,1.0,0.0,0,1.0,0.0,0,1.0,108.0,5.09,1,0,206.0,32.04,0,0,194.0,47.65,0,0,229.0,0,0,0,0,0,0,0,195.0,0,0,0,0,0,0,0
2025-06-22,6,6,1,0.0,0,1.0,0.0,0,1.0,0.0,0,1.0,0.0,0,1.0,0.0,0,1.0,108.0,5.09,1,0,206.0,32.04,0,0,194.0,47.65,0,0,229.0,0,0,0,0,0,0,0,195.0,0,0,0,0,0,0,0
2025-06-23,0,6,0,0.0,0,1.0,0.0,0,1.0,0.0,0,1.0,0.0,0,1.0,0.0,0,1.0,108.0,5.09,1,0,206.0,32.04,0,0,194.0,47.65,0,0,201.0,0,0,0,0,0,0,0,195.0,0,0,0,0,0,0,0
2025-06-24,1,6,0,0.0,0,1.0,0.0,0,1.0,0.0,0,1.0,0.0,0,1.0,0.0,0,1.0,108.0,5.09,1,0,206.0,32.04,0,0,194.0,47.65,0,0,201.0,0,0,0,0,0,0,0,195.0,0,0,0,11,0,0,0
2025-06-25,2,6,0,0.0,0,1.0,0.0,0,1.0,0.0,0,1.0,0.0,0,1.0,0.0,0,1.0,108.0,5.09,1,0,206.0,32.04,0,0,194.0,47.65,0,0,201.0,0,0,0,20,0,0,0,195.0,0,0,0,13,0,0,0
2025-06-26,3,6,0,0.0,0,1.0,0.0,0,1.0,0.0,0,1.0,0.0,1,1.0,0.0,0,1.0,495.0,23.33,0,0,206.0,32.04,0,0,194.0,47.65,0,0,201.0,0,0,0,0,0,0,0,195.0,0,0,0,10,0,0,0
2025-06-27,4,6,0,0.0,0,1.0,0.0,0,1.0,0.0,0,1.0,0.0,0,1.0,0.0,0,1.0,495.0,28.0,0,0,206.0,38.45,0,0,194.0,57.18,0,0,191.0,0,0,0,21,0,0,0,184.0,0,0,0,19,0,0,0
2025-06-28,5,6,1,0.0,0,1.0,0.0,0,1.0,0.0,0,1.0,0.0,0,1.0,0.0,0,1.0,495.0,28.0,0,0,206.0,38.45,0,0,194.0,57.18,0,0,191.0,0,0,0,0,0,0,0,184.0,0,0,0,0,0,0,0
2025-06-29,6,6,1,0.0,0,1.0,0.0,0,1.0,0.0,0,1.0,0.0,0,1.0,0.0,0,1.0,495.0,28.0,0,0,206.0,38.45,0,0,194.0,57.18,0,0,191.0,0,0,0,0,0,0,0,164.0,0,0,0,0,0,0,0
2025-06-30,0,6,0,0.0,0,1.0,0.0,0,1.0,0.0,0,1.0,0.0,0,1.0,0.0,0,1.0,408.0,23.08,0,0,176.0,32.85,0,0,180.0,53.05,0,0,208.0,30,30,0,0,0,0,0,174.0,20,10,10,0,0,0,0
2025-07-01,1,7,0,0.0,0,1.0,0.0,0,1.0,0.0,0,1.0,0.0,0,1.0,0.0,0,1.0,408.0,23.08,0,0,176.0,32.85,0,0,180.0,53.05,0,0,208.0,0,0,0,26,0,0,0,174.0,0,0,0,0,0,0,0
2025-07-02,2,7,0,0.0,0,1.0,0.0,0,1.0,0.0,0,1.0,0.0,0,1.0,0.0,0,1.0,408.0,23.08,0,0,176.0,32.85,0,0,180.0,53.05,0,0,208.0,0,0,0,0,0,0,0,164.0,0,0,0,0,0,0,0
2025-07-03,3,7,0,0.0,0,1.0,0.0,0,1.0,0.0,0,1.0,0.0,0,1.0,0.0,0,1.0,408.0,23.08,0,0,176.0,32.85,0,0,180.0,53.05,0,0,208.0,0,0,0,0,0,0,0,156.0,0,0,0,0,0,0,0
2025-07-04,4,7,0,0.0,0,1.0,0.0,0,1.0,0.0,0,1.0,0.0,0,1.0,0.0,0,1.0,408.0,28.85,0,0,176.0,41.07,0,0,180.0,66.32,0,0,201.0,0,0,0,0,0,0,0,145.0,0,0,0,0,0,0,0
2025-07-05,5,7,1,0.0,0,1.0,0.0,0,1.0,0.0,0,1.0,0.0,0,1.0,0.0,0,1.0,408.0,28.85,0,0,176.0,41.07,0,0,180.0,66.32,0,0,201.0,0,0,0,0,0,0,0,145.0,0,0,0,0,0,0,0
2025-07-06,6,7,1,0.0,0,1.0,0.0,0,1.0,0.0,0,1.0,0.0,0,1.0,0.0,0,1.0,408.0,28.85,0,0,176.0,41.07,0,0,180.0,66.32,0,0,186.0,0,0,0,0,0,0,0,145.0,0,0,0,0,0,0,0
2025-07-07,0,7,0,0.0,0,1.0,0.0,0,1.0,0.0,0,1.0,0.0,0,1.0,0.0,0,1.0,309.0,17.48,0,0,146.0,27.25,0,0,161.0,47.45,0,0,195.0,30,30,0,0,0,0,0,165.0,20,20,0,0,0,0,0
2025-07-08,1,7,0,0.0,0,1.0,0.0,0,1.0,0.0,0,1.0,0.0,0,1.0,0.0,0,1.0,309.0,17.48,0,0,146.0,27.25,0,0,161.0,47.45,0,0,195.0,0,0,0,0,0,0,0,165.0,0,0,0,21,0,0,0
2025-07-09,2,7,0,0.0,0,1.0,0.0,0,1.0,0.0,0,1.0,0.0,0,1.0,0.0,0,1.0,309.0,17.48,0,0,146.0,27.25,0,0,161.0,47.45,0,0,184.0,0,0,0,0,0,0,0,165.0,0,0,0,0,0,0,0
2025-07-10,3,7,0,0.0,0,1.0,0.0,0,1.0,0.0,0,1.0,0.0,0,1.0,0.0,0,1.0,210.0,11.88,0,0,116.0,21.65,1,1,142.0,41.85,0,0,214.0,30,30,0,0,0,0,0,185.0,20,20,0,0,0,0,0
2025-07-11,4,7,0,0.0,0,1.0,0.0,0,1.0,0.0,0,1.0,0.0,0,1.0,0.0,0,1.0,210.0,11.88,0,0,116.0,21.65,1,0,142.0,41.85,0,0,214.0,0,0,0,13,0,0,0,185.0,0,0,0,0,0,0,0
2025-07-12,5,7,1,0.0,0,1.0,0.0,0,1.0,0.0,0,1.0,0.0,0,1.0,0.0,0,1.0,210.0,11.88,0,0,116.0,21.65,1,0,142.0,41.85,0,0,214.0,0,0,0,0,0,0,0,185.0,0,0,0,0,0,0,0
2025-07-13,6,7,1,0.0,0,1.0,0.0,0,1.0,0.0,0,1.0,0.0,0,1.0,0.0,0,1.0,210.0,11.88,0,0,116.0,21.65,1,0,142.0,41.85,0,0,214.0,0,0,0,0,0,0,0,173.0,0,0,0,0,0,0,0
2025-07-14,0,7,0,0.0,0,1.0,0.0,0,1.0,0.0,0,1.0,0.0,0,1.0,0.0,0,1.0,210.0,11.88,0,0,116.0,21.65,1,0,142.0,41.85,0,0,214.0,0,0,0,0,0,0,0,173.0,0,0,0,0,0,0,0
2025-07-15,1,7,0,0.0,0,1.0,0.0,0,1.0,0.0,0,1.0,0.0,0,1.0,0.0,0,1.0,210.0,14.85,0,0,116.0,27.07,1,0,142.0,52.32,0,0,214.0,0,0,0,18,0,0,0,173.0,0,0,0,16,0,0,0
2025-07-16,2,7,0,0.0,0,1.0,0.0,0,1.0,0.0,0,1.0,0.0,0,1.0,0.0,0,1.0,210.0,14.85,0,0,116.0,27.07,1,0,142.0,52.32,0,0,214.0,0,0,0,0,0,0,0,173.0,0,0,0,0,0,0,0
2025-07-17,3,7,0,0.0,0,1.0,0.0,0,1.0,0.0,0,1.0,0.0,0,1.0,0.0,0,1.0,210.0,14.85,0,0,116.0,27.07,1,0,142.0,52.32,0,0,214.0,0,0,0,0,0,0,0,173.0,0,0,0,0,0,0,0
2025-07-18,4,7,0,0.0,0,1.0,0.0,0,1.0,0.0,0,1.0,0.0,0,1.0,0.0,0,1.0,111.0,7.85,1,1,86.0,20.07,1,0,123.0,45.32,0,0,244.0,30,30,0,19,0,0,0,184.0,20,20,0,7,0,0,0
2025-07-19,5,7,1,0.0,0,1.0,0.0,0,1.0,0.0,0,1.0,0.0,0,1.0,0.0,0,1.0,111.0,7.85,1,0,86.0,20.07,1,0,123.0,45.32,0,0,226.0,0,0,0,0,0,0,0,184.0,0,0,0,0,0,0,0
2025-07-20,6,7,1,0.0,0,1.0,0.0,0,1.0,0.0,0,1.0,0.0,0,1.0,0.0,0,1.0,111.0,7.85,1,0,86.0,20.07,1,0,123.0,45.32,0,0,213.0,0,0,0,0,0,0,0,184.0,0,0,0,0,0,0,0
2025-07-21,0,7,0,0.0,0,1.0,0.0,0,1.0,0.0,0,1.0,0.0,0,1.0,0.0,0,1.0,24.0,1.36,1,0,56.0,10.45,1,0,109.0,32.13,0,0,243.0,30,30,0,6,0,0,0,194.0,20,10,10,7,0,0,0
2025-07-22,1,7,0,0.0,0,1.0,0.0,0,1.0,0.0,0,1.0,0.0,0,1.0,0.0,0,1.0,0.0,0.0,1,0,56.0,8.71,1,0,99.0,24.32,0,0,243.0,30,0,30,0,0,0,0,208.0,20,20,0,0,0,0,0
2025-07-23,2,7,0,0.0,0,1.0,0.0,0,1.0,0.0,1,1.0,0.0,0,1.0,0.0,0,1.0,0.0,0.0,1,0,304.0,47.29,0,0,99.0,24.32,0,0,243.0,0,0,0,0,0,0,0,208.0,0,0,0,0,0,0,0
2025-07-24,3,7,0,0.0,0,1.0,0.0,0,1.0,0.0,0,1.0,0.0,0,1.0,0.0,0,1.0,0.0,0.0,1,0,304.0,47.29,0,0,99.0,24.32,0,0,243.0,0,0,0,0,0,0,0,208.0,0,0,0,0,0,0,0
2025-07-25,4,7,0,0.0,0,1.0,0.0,0,1.0,0.0,0,1.0,0.0,0,1.0,0.0,0,1.0,0.0,0.0,1,0,304.0,47.29,0,0,99.0,24.32,0,0,224.0,0,0,0,0,0,0,0,198.0,0,0,0,0,0,0,0
2025-07-26,5,7,1,0.0,0,1.0,0.0,0,1.0,0.0,0,1.0,0.0,1,1.0,0.0,0,1.0,343.0,16.17,0,0,304.0,47.29,0,0,99.0,24.32,0,0,218.0,0,0,0,0,0,0,0,191.0,0,0,0,0,0,0,0
2025-07-27,6,7,1,0.0,0,1.0,0.0,0,1.0,0.0,0,1.0,0.0,0,1.0,0.0,0,1.0,343.0,16.17,0,0,304.0,47.29,0,0,99.0,24.32,0,0,218.0,0,0,0,0,0,0,0,191.0,0,0,0,0,0,0,0
2025-07-28,0,7,0,0.0,0,1.0,0.0,0,1.0,0.0,0,1.0,0.0,0,1.0,0.0,0,1.0,343.0,19.4,0,0,304.0,56.75,0,0,99.0,29.18,0,0,218.0,0,0,0,11,0,0,0,184.0,0,0,0,9,0,0,0
2025-07-29,1,7,0,0.0,0,1.0,0.0,0,1.0,0.0,0,1.0,0.0,0,1.0,0.0,0,1.0,343.0,19.4,0,0,304.0,56.75,0,0,99.0,29.18,0,0,218.0,0,0,0,0,0,0,0,184.0,0,0,0,0,0,0,0
2025-07-30,2,7,0,0.0,0,1.0,0.0,0,1.0,0.0,0,1.0,0.0,0,1.0,0.0,0,1.0,343.0,19.4,0,0,304.0,56.75,0,0,99.0,29.18,0,0,218.0,0,0,0,0,0,0,0,184.0,0,0,0,0,0,0,0
2025-07-31,3,7,0,0.0,0,1.0,0.0,0,1.0,0.0,0,1.0,0.0,0,1.0,0.0,0,1.0,244.0,11.5,0,0,274.0,42.62,0,0,80.0,19.65,1,1,237.0,30,30,0,0,0,0,0,195.0,20,20,0,0,0,0,0
2025-08-01,4,8,0,0.0,0,1.0,0.0,0,1.0,0.0,0,1.0,0.0,0,1.0,0.0,0,1.0,244.0,11.5,0,0,274.0,42.62,0,0,80.0,19.65,1,0,237.0,0,0,0,0,0,0,0,195.0,0,0,0,0,0,0,0
2025-08-02,5,8,1,0.0,0,1.0,0.0,0,1.0,0.0,0,1.0,0.0,0,1.0,0.0,0,1.0,244.0,11.5,0,0,274.0,42.62,0,0,80.0,19.65,1,0,237.0,0,0,0,0,0,0,0,195.0,0,0,0,0,0,0,0
2025-08-03,6,8,1,0.0,0,1.0,0.0,0,1.0,0.0,0,1.0,0.0,0,1.0,0.0,0,1.0,244.0,11.5,0,0,274.0,42.62,0,0,80.0,19.65,1,0,237.0,0,0,0,0,0,0,0,195.0,0,0,0,0,0,0,0
2025-08-04,0,8,0,0.0,0,1.0,0.0,0,1.0,0.0,0,1.0,0.0,0,1.0,0.0,0,1.0,244.0,13.8,0,0,274.0,51.15,0,0,80.0,23.58,1,0,237.0,0,0,0,11,0,0,0,195.0,0,0,0,9,0,0,0
2025-08-05,1,8,0,0.0,0,1.0,0.0,0,1.0,0.0,0,1.0,0.0,0,1.0,0.0,0,1.0,170.0,8.01,1,1,254.0,39.51,0,0,64.0,15.72,1,0,257.0,30,20,10,0,0,0,0,215.0,20,20,0,0,0,0,0
2025-08-06,2,8,0,0.0,0,1.0,0.0,0,1.0,0.0,0,1.0,0.0,0,1.0,0.0,0,1.0,170.0,8.01,1,0,254.0,39.51,0,0,64.0,15.72,1,0,257.0,0,0,0,0,0,0,0,215.0,0,0,0,0,0,0,0
2025-08-07,3,8,0,0.0,0,1.0,0.0,0,1.0,0.0,0,1.0,0.0,0,1.0,0.0,0,1.0,170.0,9.62,1,0,254.0,47.41,0,0,64.0,18.86,1,0,246.0,0,0,0,0,0,0,0,215.0,0,0,0,0,0,0,0
2025-08-08,4,8,0,0.0,0,1.0,0.0,0,1.0,0.0,0,1.0,0.0,0,1.0,0.0,0,1.0,170.0,9.62,1,0,254.0,47.41,0,0,64.0,18.86,1,0,246.0,0,0,0,0,0,0,0,215.0,0,0,0,0,0,0,0
2025-08-09,5,8,1,0.0,0,1.0,0.0,0,1.0,0.0,0,1.0,0.0,0,1.0,0.0,0,1.0,170.0,9.62,1,0,254.0,47.41,0,0,64.0,18.86,1,0,246.0,0,0,0,0,0,0,0,215.0,0,0,0,0,0,0,0
2025-08-10,6,8,1,0.0,0,1.0,0.0,0,1.0,0.0,0,1.0,0.0,0,1.0,0.0,0,1.0,170.0,9.62,1,0,254.0,47.41,0,0,64.0,18.86,1,0,246.0,0,0,0,0,0,0,0,215.0,0,0,0,0,0,0,0
2025-08-11,0,8,0,0.0,0,1.0,0.0,0,1.0,0.0,0,1.0,0.0,0,1.0,0.0,0,1.0,170.0,9.62,1,0,254.0,47.41,0,0,64.0,18.86,1,0,246.0,0,0,0,0,0,0,0,215.0,0,0,0,0,0,0,0
2025-08-12,1,8,0,0.0,0,1.0,0.0,0,1.0,0.0,0,1.0,0.0,0,1.0,0.0,1,1.0,108.0,5.09,1,0,234.0,36.4,0,0,228.0,56.0,0,0,266.0,30,20,10,0,0,0,0,225.0,20,10,10,0,0,0,0
2025-08-13,2,8,0,0.0,0,1.0,0.0,0,1.0,0.0,0,1.0,0.0,0,1.0,0.0,0,1.0,21.0,0.85,1,0,204.0,27.2,0,0,214.0,45.05,0,0,296.0,30,30,0,0,0,0,0,226.0,20,10,10,15,0,0,0
2025-08-14,3,8,0,0.0,0,1.0,0.0,0,1.0,0.0,0,1.0,0.0,0,1.0,0.0,0,1.0,21.0,0.85,1,0,204.0,27.2,0,0,214.0,45.05,0,0,296.0,0,0,0,14,0,0,0,226.0,0,0,0,0,0,0,0
2025-08-15,4,8,0,0.0,0,1.0,0.0,0,1.0,0.0,0,1.0,1.0,1,1.0,0.0,0,1.0,354.0,14.3,0,0,184.0,24.53,0,0,198.0,41.68,0,0,316.0,30,20,10,17,0,0,0,246.0,20,20,0,8,0,0,0
2025-08-16,5,8,1,0.0,0,1.0,0.0,0,1.0,0.0,0,1.0,0.0,0,1.0,0.0,0,1.0,354.0,14.3,0,0,184.0,24.53,0,0,198.0,41.68,0,0,316.0,0,0,0,0,0,0,0,246.0,0,0,0,0,0,0,0
2025-08-17,6,8,1,0.0,0,1.0,0.0,0,1.0,0.0,0,1.0,0.0,0,1.0,0.0,0,1.0,354.0,14.3,0,0,184.0,24.53,0,0,198.0,41.68,0,0,316.0,0,0,0,0,0,0,0,246.0,0,0,0,0,0,0,0
2025-08-18,0,8,0,0.0,0,1.0,0.0,0,1.0,0.0,0,1.0,0.0,0,1.0,0.0,0,1.0,354.0,16.69,0,0,184.0,28.62,0,0,198.0,48.63,0,0,316.0,0,0,0,13,0,0,0,238.0,0,0,0,8,0,0,0
2025-08-19,1,8,0,0.0,0,1.0,0.0,0,1.0,0.0,0,1.0,0.0,0,1.0,0.0,0,1.0,354.0,20.02,0,0,184.0,34.35,0,0,198.0,58.36,0,0,316.0,0,0,0,15,0,0,0,238.0,0,0,0,11,0,0,0
2025-08-20,2,8,0,0.0,0,1.0,0.0,0,1.0,0.0,0,1.0,0.0,0,1.0,0.0,0,1.0,354.0,20.02,0,0,184.0,34.35,0,0,198.0,58.36,0,0,316.0,0,0,0,0,0,0,0,238.0,0,0,0,0,0,0,0
2025-08-21,3,8,0,0.0,0,1.0,0.0,0,1.0,0.0,0,1.0,0.0,0,1.0,0.0,0,1.0,255.0,12.02,0,0,154.0,23.96,0,0,179.0,43.96,0,0,346.0,30,30,0,0,0,0,0,258.0,20,20,0,0,0,0,0
2025-08-22,4,8,0,0.0,0,1.0,0.0,0,1.0,0.0,0,1.0,0.0,0,1.0,0.0,0,1.0,181.0,7.31,1,1,134.0,17.87,0,0,163.0,34.32,0,0,353.0,30,20,10,0,0,0,0,263.0,20,20,0,0,0,0,0
2025-08-23,5,8,1,0.0,0,1.0,0.0,0,1.0,0.0,0,1.0,0.0,0,1.0,0.0,0,1.0,181.0,7.31,1,0,134.0,17.87,0,0,163.0,34.32,0,0,353.0,0,0,0,0,0,0,0,263.0,0,0,0,0,0,0,0
2025-08-24,6,8,1,0.0,0,1.0,0.0,0,1.0,0.0,0,1.0,0.0,0,1.0,0.0,0,1.0,181.0,7.31,1,0,134.0,17.87,0,0,163.0,34.32,0,0,324.0,0,0,0,0,0,0,0,263.0,0,0,0,0,0,0,0
2025-08-25,0,8,0,0.0,0,1.0,0.0,0,1.0,0.0,0,1.0,0.0,0,1.0,0.0,0,1.0,82.0,2.9,1,0,104.0,12.13,1,1,144.0,26.53,0,0,337.0,30,30,0,16,0,0,0,283.0,20,20,0,11,0,0,0
2025-08-26,1,8,0,0.0,0,1.0,0.0,0,1.0,0.0,0,1.0,0.0,0,1.0,0.0,0,1.0,82.0,2.9,1,0,104.0,12.13,1,0,144.0,26.53,0,0,337.0,0,0,0,0,0,0,0,275.0,0,0,0,0,0,0,0
2025-08-27,2,8,0,0.0,0,1.0,0.0,0,1.0,0.0,0,1.0,0.0,0,1.0,0.0,0,1.0,8.0,0.25,1,0,84.0,8.71,1,0,128.0,20.96,0,0,357.0,30,20,10,0,0,0,0,284.0,20,20,0,0,0,0,0
2025-08-28,3,8,0,0.0,0,1.0,0.0,0,1.0,0.0,0,1.0,0.0,0,1.0,0.0,0,1.0,8.0,0.28,1,0,84.0,9.8,1,0,128.0,23.58,0,0,357.0,0,0,0,0,0,0,0,284.0,0,0,0,0,0,0,0
2025-08-29,4,8,0,0.0,0,1.0,0.0,0,1.0,0.0,0,1.0,0.0,0,1.0,0.0,0,1.0,8.0,0.28,1,0,84.0,9.8,1,0,128.0,23.58,0,0,357.0,0,0,0,0,0,0,0,273.0,0,0,0,0,0,0,0
2025-08-30,5,8,1,0.0,0,1.0,0.0,0,1.0,0.0,0,1.0,0.0,0,1.0,0.0,0,1.0,8.0,0.28,1,0,84.0,9.8,1,0,128.0,23.58,0,0,357.0,0,0,0,0,0,0,0,273.0,0,0,0,0,0,0,0
2025-08-31,6,8,1,0.0,0,1.0,0.0,0,1.0,0.0,0,1.0,0.0,0,1.0,0.0,0,1.0,8.0,0.28,1,0,84.0,9.8,1,0,128.0,23.58,0,0,341.0,0,0,0,0,0,0,0,273.0,0,0,0,0,0,0,0
2025-09-01,0,9,0,0.0,0,1.0,0.0,0,1.0,0.0,0,1.0,1.0,1,0.6625,0.0,0,1.0,220.0,7.78,1,0,84.0,9.8,1,0,128.0,23.58,0,0,341.0,0,0,0,0,0,0,0,273.0,0,0,0,0,0,0,0
2025-09-02,1,9,0,0.0,0,1.0,0.0,0,1.0,0.0,0,1.0,2.0,0,1.0,0.0,0,1.0,220.0,8.89,1,0,84.0,11.2,1,0,128.0,26.95,0,0,341.0,0,0,0,0,0,0,0,273.0,0,0,0,0,0,0,0
2025-09-03,2,9,0,0.0,0,1.0,0.0,0,1.0,0.0,0,1.0,3.0,1,1.0,0.0,0,1.0,328.0,13.25,0,0,84.0,11.2,1,0,128.0,26.95,0,0,341.0,0,0,0,0,0,0,0,273.0,0,0,0,8,0,0,0
2025-09-04,3,9,0,0.0,0,1.0,0.0,0,1.0,0.0,0,1.0,0.0,0,1.0,0.0,0,1.0,328.0,13.25,0,0,84.0,11.2,1,0,128.0,26.95,0,0,341.0,0,0,0,0,0,0,0,273.0,0,0,0,16,0,0,0
2025-09-05,4,9,0,0.0,0,1.0,0.0,0,1.0,0.0,0,1.0,0.0,0,1.0,0.0,0,1.0,328.0,13.25,0,0,84.0,11.2,1,0,128.0,26.95,0,0,341.0,0,0,0,0,0,0,0,273.0,0,0,0,31,0,0,0
2025-09-06,5,9,1,0.0,0,1.0,0.0,0,1.0,0.0,0,1.0,0.0,0,1.0,0.0,0,1.0,328.0,13.25,0,0,84.0,11.2,1,0,128.0,26.95,0,0,341.0,0,0,0,0,0,0,0,273.0,0,0,0,0,0,0,0
2025-09-07,6,9,1,0.0,0,1.0,0.0,0,1.0,0.0,0,1.0,0.0,0,1.0,0.0,0,1.0,328.0,13.25,0,0,84.0,11.2,1,0,128.0,26.95,0,0,341.0,0,0,0,0,0,0,0,268.0,0,0,0,0,0,0,0
2025-09-08,0,9,0,0.0,0,1.0,0.0,0,1.0,0.0,1,1.0,0.0,0,1.0,0.0,0,1.0,328.0,13.25,0,0,290.0,38.67,0,0,128.0,26.95,0,0,341.0,0,0,0,0,0,0,0,243.0,0,0,0,0,0,0,0
2025-09-09,1,9,0,0.0,0,1.0,0.0,0,1.0,0.0,0,1.0,0.0,0,1.0,0.0,0,1.0,229.0,9.25,0,0,260.0,34.67,0,0,109.0,22.95,0,0,371.0,30,30,0,14,0,0,0,263.0,20,20,0,0,0,0,0
2025-09-10,2,9,0,0.0,0,1.0,0.0,0,1.0,0.0,0,1.0,0.0,0,1.0,0.0,0,1.0,229.0,10.79,0,0,260.0,40.44,0,0,109.0,26.77,0,0,371.0,0,0,0,16,0,0,0,252.0,0,0,0,0,0,0,0
2025-09-11,3,9,0,0.0,0,1.0,0.0,0,1.0,0.0,0,1.0,0.0,0,1.0,0.0,0,1.0,229.0,10.79,0,0,260.0,40.44,0,0,109.0,26.77,0,0,371.0,0,0,0,0,0,0,0,238.0,0,0,0,0,0,0,0
2025-09-12,4,9,0,0.0,0,1.0,0.0,0,1.0,0.0,0,1.0,0.0,0,1.0,0.0,0,1.0,130.0,6.13,1,1,230.0,35.78,0,0,90.0,22.11,1,1,387.0,30,30,0,0,0,0,0,258.0,20,20,0,0,0,0,0
2025-09-13,5,9,1,0.0,0,1.0,0.0,0,1.0,0.0,0,1.0,0.0,0,1.0,0.0,0,1.0,130.0,6.13,1,0,230.0,35.78,0,0,90.0,22.11,1,0,387.0,0,0,0,0,0,0,0,258.0,0,0,0,0,0,0,0
2025-09-14,6,9,1,0.0,0,1.0,0.0,0,1.0,0.0,0,1.0,0.0,0,1.0,0.0,0,1.0,130.0,6.13,1,0,230.0,35.78,0,0,90.0,22.11,1,0,387.0,0,0,0,0,0,0,0,258.0,0,0,0,0,0,0,0
2025-09-15,0,9,0,0.0,0,1.0,0.0,0,1.0,0.0,0,1.0,0.0,0,1.0,0.0,0,1.0,31.0,1.25,1,0,200.0,26.67,0,0,71.0,14.95,1,0,417.0,30,30,0,13,0,0,0,278.0,20,20,0,7,0,0,0
2025-09-16,1,9,0,0.0,0,1.0,0.0,0,1.0,0.0,0,1.0,0.0,0,1.0,0.0,0,1.0,31.0,1.25,1,0,200.0,26.67,0,0,71.0,14.95,1,0,417.0,0,0,0,0,0,0,0,278.0,0,0,0,7,0,0,0
2025-09-17,2,9,0,0.0,0,1.0,0.0,0,1.0,0.0,0,1.0,0.0,0,1.0,0.0,0,1.0,31.0,1.25,1,0,200.0,26.67,0,0,71.0,14.95,1,0,417.0,0,0,0,0,0,0,0,278.0,0,0,0,0,0,0,0
2025-09-18,3,9,0,0.0,0,1.0,0.0,0,1.0,0.0,0,1.0,0.0,0,1.0,0.0,0,1.0,6.0,0.24,1,0,190.0,25.33,0,0,68.0,14.32,1,0,427.0,30,10,20,0,0,0,0,278.0,20,0,20,0,0,0,0
2025-09-19,4,9,0,0.0,0,1.0,0.0,0,1.0,0.0,0,1.0,0.0,0,1.0,0.0,0,1.0,6.0,0.28,1,0,190.0,29.56,0,0,68.0,16.7,1,0,411.0,0,0,0,0,0,0,0,271.0,0,0,0,23,0,0,0
2025-09-20,5,9,1,0.0,0,1.0,0.0,0,1.0,0.0,0,1.0,0.0,1,1.0,0.0,0,1.0,411.0,19.37,0,0,190.0,29.56,0,0,68.0,16.7,1,0,398.0,0,0,0,0,0,0,0,271.0,0,0,0,0,0,0,0
2025-09-21,6,9,1,0.0,0,1.0,0.0,0,1.0,0.0,0,1.0,0.0,0,1.0,0.0,0,1.0,411.0,19.37,0,0,190.0,29.56,0,0,68.0,16.7,1,0,398.0,0,0,0,0,0,0,0,271.0,0,0,0,0,0,0,0
2025-09-22,0,9,0,0.0,0,1.0,0.0,0,1.0,0.0,0,1.0,0.0,0,1.0,0.0,0,1.0,411.0,23.25,0,0,190.0,35.47,0,0,68.0,20.04,1,0,398.0,0,0,0,0,0,0,0,271.0,0,0,0,0,0,0,0
2025-09-23,1,9,0,0.0,0,1.0,0.0,0,1.0,0.0,0,1.0,0.0,0,1.0,0.0,0,1.0,411.0,23.25,0,0,190.0,35.47,0,0,68.0,20.04,1,0,398.0,0,0,0,0,0,0,0,264.0,0,0,0,0,0,0,0
2025-09-24,2,9,0,0.0,0,1.0,0.0,0,1.0,0.0,0,1.0,0.0,0,1.0,0.0,1,1.0,411.0,29.06,0,0,190.0,44.33,0,0,208.0,76.63,0,0,398.0,0,0,0,0,0,0,0,257.0,0,0,0,0,0,0,0
2025-09-25,3,9,0,0.0,0,1.0,0.0,0,1.0,0.0,0,1.0,0.0,0,1.0,0.0,0,1.0,312.0,17.65,0,0,160.0,29.87,0,0,189.0,55.71,0,0,428.0,30,30,0,0,0,0,0,277.0,20,20,0,0,0,0,0
2025-09-26,4,9,0,0.0,0,1.0,0.0,0,1.0,0.0,0,1.0,0.0,0,1.0,0.0,0,1.0,312.0,17.65,0,0,160.0,29.87,0,0,189.0,55.71,0,0,428.0,0,0,0,0,0,0,0,277.0,0,0,0,0,0,0,0
2025-09-27,5,9,1,0.0,0,1.0,0.0,0,1.0,0.0,0,1.0,0.0,0,1.0,0.0,0,1.0,312.0,17.65,0,0,160.0,29.87,0,0,189.0,55.71,0,0,428.0,0,0,0,0,0,0,0,277.0,0,0,0,0,0,0,0
2025-09-28,6,9,1,0.0,0,1.0,0.0,0,1.0,0.0,0,1.0,0.0,0,1.0,0.0,0,1.0,312.0,17.65,0,0,160.0,29.87,0,0,189.0,55.71,0,0,428.0,0,0,0,0,0,0,0,261.0,0,0,0,0,0,0,0
2025-09-29,0,9,0,0.0,0,1.0,0.0,0,1.0,0.0,0,1.0,0.0,0,1.0,0.0,0,1.0,312.0,17.65,0,0,160.0,29.87,0,0,189.0,55.71,0,0,428.0,0,0,0,28,0,0,0,261.0,0,0,0,8,0,0,0
2025-09-30,1,9,0,0.0,0,1.0,0.0,0,1.0,0.0,0,1.0,0.0,0,1.0,0.0,0,1.0,312.0,17.65,0,0,160.0,29.87,0,0,189.0,55.71,0,0,428.0,0,0,0,8,0,0,0,261.0,0,0,0,0,0,0,0
2025-10-01,2,10,0,0.0,0,1.0,0.0,0,1.0,0.0,0,1.0,0.0,0,1.0,0.0,0,1.0,312.0,17.65,0,0,160.0,29.87,0,0,189.0,55.71,0,0,428.0,0,0,0,0,0,0,0,261.0,0,0,0,18,0,0,0
2025-10-02,3,10,0,0.0,0,1.0,0.0,0,1.0,0.0,0,1.0,0.0,0,1.0,0.0,0,1.0,213.0,10.04,0,0,130.0,20.22,0,0,170.0,41.75,0,0,446.0,30,30,0,0,0,0,0,281.0,20,20,0,32,0,0,0
2025-10-03,4,10,0,0.0,0,1.0,0.0,0,1.0,0.0,0,1.0,0.0,0,1.0,0.0,0,1.0,139.0,5.62,1,1,110.0,14.67,1,1,154.0,32.42,0,0,442.0,30,20,10,24,0,0,0,301.0,20,20,0,0,0,0,0
2025-10-04,5,10,1,0.0,0,1.0,0.0,0,1.0,0.0,0,1.0,0.0,0,1.0,0.0,0,1.0,139.0,5.62,1,0,110.0,14.67,1,0,154.0,32.42,0,0,442.0,0,0,0,0,0,0,0,291.0,0,0,0,0,0,0,0
2025-10-05,6,10,1,0.0,0,1.0,0.0,0,1.0,0.0,0,1.0,0.0,0,1.0,0.0,0,1.0,139.0,5.62,1,0,110.0,14.67,1,0,154.0,32.42,0,0,442.0,0,0,0,0,0,0,0,272.0,0,0,0,0,0,0,0
2025-10-06,0,10,0,0.0,0,1.0,0.0,0,1.0,0.0,0,1.0,0.0,0,1.0,0.0,0,1.0,139.0,5.62,1,0,110.0,14.67,1,0,154.0,32.42,0,0,442.0,0,0,0,40,0,0,0,272.0,0,0,0,0,0,0,0
2025-10-07,1,10,0,0.0,0,1.0,0.0,0,1.0,0.0,0,1.0,0.0,0,1.0,0.0,0,1.0,52.0,2.1,1,0,80.0,10.67,1,0,140.0,29.47,0,0,472.0,30,30,0,19,0,0,0,274.0,20,10,10,13,0,0,0
2025-10-08,2,10,0,0.0,0,1.0,0.0,0,1.0,0.0,0,1.0,0.0,0,1.0,0.0,0,1.0,52.0,2.1,1,0,80.0,10.67,1,0,140.0,29.47,0,0,472.0,0,0,0,0,0,0,0,253.0,0,0,0,0,0,0,0
2025-10-09,3,10,0,0.0,0,1.0,0.0,0,1.0,0.0,0,1.0,0.0,0,1.0,0.0,0,1.0,3.0,0.11,1,0,70.0,8.17,1,0,127.0,23.39,0,0,469.0,30,10,20,0,0,0,0,273.0,20,20,0,18,0,0,0
2025-10-10,4,10,0,0.0,0,1.0,0.0,0,1.0,0.0,0,1.0,0.0,0,1.0,0.0,0,1.0,3.0,0.12,1,0,70.0,9.33,1,0,127.0,26.74,0,0,469.0,0,0,0,0,0,0,0,260.0,0,0,0,0,0,0,0
2025-10-11,5,10,1,0.0,0,1.0,0.0,0,1.0,0.0,0,1.0,0.0,0,1.0,0.0,0,1.0,3.0,0.12,1,0,70.0,9.33,1,0,127.0,26.74,0,0,469.0,0,0,0,0,0,0,0,260.0,0,0,0,0,0,0,0
2025-10-12,6,10,1,0.0,0,1.0,0.0,0,1.0,0.0,0,1.0,0.0,1,1.0,0.0,0,1.0,313.0,12.65,0,0,70.0,9.33,1,0,127.0,26.74,0,0,441.0,0,0,0,0,0,0,0,260.0,0,0,0,0,0,0,0
2025-10-13,0,10,0,0.0,0,1.0,0.0,0,1.0,0.0,0,1.0,0.0,0,1.0,0.0,0,1.0,313.0,14.75,0,0,70.0,10.89,1,0,127.0,31.19,0,0,441.0,0,0,0,0,0,0,0,260.0,0,0,0,0,0,0,0
2025-10-14,1,10,0,0.0,0,1.0,0.0,0,1.0,0.0,0,1.0,0.0,0,1.0,0.0,0,1.0,313.0,14.75,0,0,70.0,10.89,1,0,127.0,31.19,0,0,430.0,0,0,0,0,0,0,0,250.0,0,0,0,0,0,0,0
2025-10-15,2,10,0,0.0,0,1.0,0.0,0,1.0,0.0,0,1.0,0.0,0,1.0,0.0,0,1.0,313.0,14.75,0,0,70.0,10.89,1,0,127.0,31.19,0,0,408.0,0,0,0,0,0,0,0,250.0,0,0,0,0,0,0,0
2025-10-16,3,10,0,0.0,0,1.0,0.0,0,1.0,0.0,0,1.0,0.0,0,1.0,0.0,0,1.0,313.0,17.71,0,0,70.0,13.07,1,0,127.0,37.43,0,0,399.0,0,0,0,0,0,0,0,250.0,0,0,0,0,0,0,0
2025-10-17,4,10,0,0.0,0,1.0,0.0,0,1.0,0.0,0,1.0,0.0,0,1.0,0.0,0,1.0,313.0,17.71,0,0,70.0,13.07,1,0,127.0,37.43,0,0,399.0,0,0,0,0,0,0,0,242.0,0,0,0,0,0,0,0
2025-10-18,5,10,1,0.0,0,1.0,0.0,0,1.0,1.0,0,1.0,0.0,0,1.0,0.0,0,1.0,313.0,17.71,0,0,70.0,13.07,1,0,127.0,37.43,0,0,399.0,0,0,0,0,0,0,0,242.0,0,0,0,0,0,0,0
2025-10-19,6,10,1,0.0,0,1.0,0.0,0,1.0,2.0,0,1.0,0.0,0,1.0,0.0,0,1.0,313.0,17.71,0,0,70.0,13.07,1,0,127.0,37.43,0,0,399.0,0,0,0,0,0,0,0,242.0,0,0,0,0,0,0,0
2025-10-20,0,10,0,0.0,0,1.0,0.0,0,1.0,3.0,0,1.0,0.0,0,1.0,0.0,0,1.0,313.0,17.71,0,0,70.0,13.07,1,0,127.0,37.43,0,0,399.0,0,0,0,0,0,0,0,242.0,0,0,0,0,0,0,0
2025-10-21,1,10,0,0.0,0,1.0,0.0,0,1.0,4.0,0,1.0,0.0,0,1.0,0.0,0,1.0,214.0,10.09,0,0,40.0,6.22,1,0,108.0,26.53,0,0,429.0,30,30,0,22,0,0,0,262.0,20,20,0,21,0,0,0
2025-10-22,2,10,0,0.0,0,1.0,0.0,0,1.0,5.0,0,1.0,0.0,0,1.0,0.0,0,1.0,115.0,4.65,1,1,10.0,1.33,1,0,89.0,18.74,1,1,459.0,30,30,0,0,0,0,0,282.0,20,20,0,0,0,0,0
2025-10-23,3,10,0,0.0,0,1.0,0.0,0,1.0,6.0,0,1.0,0.0,0,1.0,0.0,0,1.0,115.0,5.42,1,0,10.0,1.56,1,0,89.0,21.86,1,0,459.0,0,0,0,0,0,0,0,282.0,0,0,0,0,0,0,0
2025-10-24,4,10,0,0.0,0,1.0,0.0,0,1.0,7.0,1,1.0,0.0,0,1.0,0.0,0,1.0,115.0,5.42,1,0,277.0,43.09,0,0,89.0,21.86,1,0,459.0,0,0,0,10,0,0,0,282.0,0,0,0,15,0,0,0
2025-10-25,5,10,1,0.0,0,1.0,0.0,0,1.0,0.0,0,1.0,0.0,0,1.0,0.0,0,1.0,115.0,5.42,1,0,277.0,43.09,0,0,89.0,21.86,1,0,459.0,0,0,0,0,0,0,0,282.0,0,0,0,0,0,0,0
2025-10-26,6,10,1,0.0,0,1.0,0.0,0,1.0,0.0,0,1.0,0.0,0,1.0,0.0,0,1.0,115.0,5.42,1,0,277.0,43.09,0,0,89.0,21.86,1,0,459.0,0,0,0,0,0,0,0,282.0,0,0,0,0,0,0,0
2025-10-27,0,10,0,0.0,0,1.0,0.0,0,1.0,0.0,0,1.0,0.0,0,1.0,0.0,0,1.0,115.0,5.42,1,0,277.0,43.09,0,0,89.0,21.86,1,0,459.0,0,0,0,0,0,0,0,261.0,0,0,0,0,0,0,0
2025-10-28,1,10,0,0.0,0,1.0,0.0,0,1.0,0.0,0,1.0,0.0,0,1.0,0.0,0,1.0,16.0,0.65,1,0,247.0,32.93,0,0,70.0,14.74,1,0,489.0,30,30,0,0,0,0,0,281.0,20,20,0,0,0,0,0
2025-10-29,2,10,0,0.0,0,1.0,0.0,0,1.0,0.0,0,1.0,0.0,0,1.0,0.0,0,1.0,16.0,0.65,1,0,247.0,32.93,0,0,70.0,14.74,1,0,489.0,0,0,0,0,0,0,0,266.0,0,0,0,0,0,0,0
2025-10-30,3,10,0,0.0,0,1.0,0.0,0,1.0,0.0,0,1.0,0.0,1,0.7175,0.0,0,1.0,242.0,11.41,1,0,247.0,38.42,0,0,70.0,17.19,1,0,489.0,0,0,0,0,0,0,0,266.0,0,0,0,0,0,0,0
2025-10-31,4,10,0,0.0,0,1.0,0.0,0,1.0,0.0,0,1.0,0.0,0,1.0,0.0,0,1.0,242.0,13.69,1,0,247.0,46.11,0,0,70.0,20.63,1,0,457.0,0,0,0,0,0,0,0,266.0,0,0,0,26,0,0,0
2025-11-01,5,11,1,0.0,0,1.0,0.0,0,1.0,0.0,0,1.0,1.0,0,1.0,0.0,0,1.0,242.0,13.69,1,0,247.0,46.11,0,0,70.0,20.63,1,0,457.0,0,0,0,0,0,0,0,266.0,0,0,0,0,0,0,0
2025-11-02,6,11,1,0.0,0,1.0,0.0,0,1.0,0.0,0,1.0,2.0,0,1.0,0.0,0,1.0,242.0,13.69,1,0,247.0,46.11,0,0,70.0,20.63,1,0,457.0,0,0,0,0,0,0,0,266.0,0,0,0,0,0,0,0
2025-11-03,0,11,0,0.0,0,1.0,0.0,0,1.0,0.0,0,1.0,3.0,0,1.0,0.0,0,1.0,242.0,13.69,1,0,247.0,46.11,0,0,70.0,20.63,1,0,457.0,0,0,0,0,0,0,0,258.0,0,0,0,0,0,0,0
2025-11-04,1,11,0,0.0,0,1.0,0.0,0,1.0,0.0,0,1.0,4.0,1,1.0,1.0,0,1.0,331.0,23.4,0,0,247.0,57.63,0,0,70.0,25.79,1,0,457.0,0,0,0,0,0,0,0,258.0,0,0,0,0,0,0,0
2025-11-05,2,11,0,0.0,0,1.0,0.0,0,1.0,0.0,0,1.0,0.0,0,1.0,2.0,0,1.0,232.0,13.12,0,0,217.0,40.51,0,0,51.0,15.03,1,0,487.0,30,30,0,15,0,0,0,278.0,20,20,0,0,0,0,0
2025-11-06,3,11,0,0.0,0,1.0,0.0,0,1.0,0.0,0,1.0,0.0,0,1.0,3.0,1,1.0,232.0,16.4,0,0,217.0,50.63,0,0,200.0,73.68,0,0,487.0,0,0,0,0,0,0,0,268.0,0,0,0,0,0,0,0
2025-11-07,4,11,0,0.0,0,1.0,0.0,0,1.0,0.0,0,1.0,0.0,0,1.0,0.0,0,1.0,232.0,16.4,0,0,217.0,50.63,0,0,200.0,73.68,0,0,487.0,0,0,0,0,0,0,0,268.0,0,0,0,20,0,0,0
2025-11-08,5,11,1,0.0,0,1.0,0.0,0,1.0,0.0,0,1.0,0.0,0,1.0,0.0,0,1.0,232.0,16.4,0,0,217.0,50.63,0,0,200.0,73.68,0,0,487.0,0,0,0,0,0,0,0,268.0,0,0,0,0,0,0,0
2025-11-09,6,11,1,0.0,0,1.0,0.0,0,1.0,0.0,0,1.0,0.0,0,1.0,0.0,0,1.0,232.0,16.4,0,0,217.0,50.63,0,0,200.0,73.68,0,0,487.0,0,0,0,0,0,0,0,268.0,0,0,0,0,0,0,0
2025-11-10,0,11,0,0.0,0,1.0,0.0,0,1.0,0.0,0,1.0,0.0,0,1.0,0.0,0,1.0,232.0,16.4,0,0,217.0,50.63,0,0,200.0,73.68,0,0,487.0,0,0,0,0,0,0,0,260.0,0,0,0,0,0,0,0
2025-11-11,1,11,0,0.0,0,1.0,0.0,0,1.0,0.0,0,1.0,0.0,0,1.0,0.0,0,1.0,232.0,16.4,0,0,217.0,50.63,0,0,200.0,73.68,0,0,487.0,0,0,0,0,0,0,0,260.0,0,0,0,0,0,0,0
2025-11-12,2,11,0,0.0,0,1.0,0.0,0,1.0,0.0,0,1.0,0.0,0,1.0,0.0,0,1.0,232.0,16.4,0,0,217.0,50.63,0,0,200.0,73.68,0,0,487.0,0,0,0,0,0,0,0,240.0,0,0,0,16,0,0,0
2025-11-13,3,11,0,0.0,0,1.0,0.0,0,1.0,0.0,0,1.0,0.0,0,1.0,0.0,0,1.0,232.0,16.4,0,0,217.0,50.63,0,0,200.0,73.68,0,0,487.0,0,0,0,0,0,0,0,240.0,0,0,0,0,0,0,0
2025-11-14,4,11,0,0.0,0,1.0,0.0,0,1.0,0.0,0,1.0,0.0,0,1.0,0.0,0,1.0,232.0,16.4,0,0,217.0,50.63,0,0,200.0,73.68,0,0,472.0,0,0,0,13,0,0,0,240.0,0,0,0,10,0,0,0
2025-11-15,5,11,1,0.0,0,1.0,0.0,0,1.0,0.0,0,1.0,0.0,0,1.0,0.0,0,1.0,232.0,16.4,0,0,217.0,50.63,0,0,200.0,73.68,0,0,472.0,0,0,0,0,0,0,0,224.0,0,0,0,0,0,0,0
2025-11-16,6,11,1,0.0,0,1.0,0.0,0,1.0,0.0,0,1.0,0.0,0,1.0,0.0,0,1.0,232.0,16.4,0,0,217.0,50.63,0,0,200.0,73.68,0,0,472.0,0,0,0,0,0,0,0,224.0,0,0,0,0,0,0,0
2025-11-17,0,11,0,0.0,0,1.0,0.0,0,1.0,0.0,0,1.0,0.0,0,1.0,0.0,0,1.0,232.0,16.4,0,0,217.0,50.63,0,0,200.0,73.68,0,0,472.0,0,0,0,0,0,0,0,224.0,0,0,0,0,0,0,0
2025-11-18,1,11,0,0.0,0,1.0,0.0,0,1.0,0.0,0,1.0,0.0,0,1.0,0.0,0,1.0,232.0,21.87,0,0,217.0,67.51,0,0,200.0,98.25,0,0,472.0,0,0,0,0,0,0,0,224.0,0,0,0,0,0,0,0
2025-11-19,2,11,0,0.0,0,1.0,0.0,0,1.0,0.0,0,1.0,0.0,0,1.0,0.0,0,1.0,133.0,12.54,1,1,187.0,58.18,0,0,181.0,88.91,0,0,489.0,30,30,0,22,0,0,0,244.0,20,20,0,0,0,0,0
2025-11-20,3,11,0,0.0,0,1.0,0.0,0,1.0,0.0,0,1.0,0.0,0,1.0,0.0,0,1.0,133.0,12.54,1,0,187.0,58.18,0,0,181.0,88.91,0,0,489.0,0,0,0,27,0,0,0,244.0,0,0,0,0,0,0,0
2025-11-21,4,11,0,0.0,0,1.0,0.0,0,1.0,0.0,0,1.0,0.0,0,1.0,0.0,0,1.0,59.0,4.17,1,0,167.0,38.97,0,0,165.0,60.79,0,0,509.0,30,20,10,0,0,0,0,264.0,20,20,0,0,0,0,0
2025-11-22,5,11,1,0.0,0,1.0,0.0,0,1.0,0.0,0,1.0,0.0,0,1.0,0.0,0,1.0,59.0,4.17,1,0,167.0,38.97,0,0,165.0,60.79,0,0,509.0,0,0,0,0,0,0,0,264.0,0,0,0,0,0,0,0
2025-11-23,6,11,1,0.0,0,1.0,0.0,0,1.0,0.0,0,1.0,0.0,0,1.0,0.0,0,1.0,59.0,4.17,1,0,167.0,38.97,0,0,165.0,60.79,0,0,509.0,0,0,0,0,0,0,0,264.0,0,0,0,0,0,0,0
2025-11-24,0,11,0,0.0,0,1.0,0.0,0,1.0,0.0,0,1.0,0.0,0,1.0,0.0,0,1.0,59.0,4.17,1,0,167.0,38.97,0,0,165.0,60.79,0,0,509.0,0,0,0,8,0,0,0,254.0,0,0,0,28,0,0,0
2025-11-25,1,11,0,0.0,0,1.0,0.0,0,1.0,0.0,0,1.0,0.0,0,1.0,0.0,0,1.0,59.0,5.56,1,0,167.0,51.96,0,0,165.0,81.05,0,0,509.0,0,0,0,0,0,0,0,254.0,0,0,0,0,0,0,0
2025-11-26,2,11,0,0.0,0,1.0,0.0,0,1.0,0.0,0,1.0,0.0,0,1.0,0.0,0,1.0,59.0,5.56,1,0,167.0,51.96,0,0,165.0,81.05,0,0,509.0,0,0,0,0,0,0,0,254.0,0,0,0,0,0,0,0
2025-11-27,3,11,0,0.0,0,1.0,0.0,0,1.0,0.0,0,1.0,0.0,1,0.754,0.0,0,1.0,341.0,32.15,1,0,167.0,51.96,0,0,165.0,81.05,0,0,469.0,0,0,0,29,0,0,0,239.0,0,0,0,10,0,0,0
2025-11-28,4,11,0,0.0,0,1.0,0.0,0,1.0,0.0,0,1.0,0.0,0,1.0,0.0,0,1.0,341.0,32.15,1,0,167.0,51.96,0,0,165.0,81.05,0,0,460.0,0,0,0,50,0,0,0,226.0,0,0,0,0,0,0,0
2025-11-29,5,11,1,0.0,0,1.0,0.0,0,1.0,0.0,0,1.0,1.0,1,1.0,0.0,0,1.0,433.0,40.82,0,0,167.0,51.96,0,0,165.0,81.05,0,0,460.0,0,0,0,0,0,0,0,226.0,0,0,0,0,0,0,0
2025-11-30,6,11,1,0.0,0,1.0,0.0,0,1.0,0.0,0,1.0,0.0,0,1.0,0.0,0,1.0,433.0,40.82,0,0,167.0,51.96,0,0,165.0,81.05,0,0,460.0,0,0,0,0,0,0,0,226.0,0,0,0,0,0,0,0
2025-12-01,0,12,0,0.0,0,1.0,0.0,0,1.0,0.0,0,1.0,0.0,0,1.0,0.0,0,1.0,334.0,23.62,0,0,137.0,31.97,0,0,146.0,53.79,0,0,454.0,30,30,0,0,0,0,0,246.0,20,20,0,0,0,0,0
2025-12-02,1,12,0,0.0,0,1.0,0.0,0,1.0,0.0,0,1.0,0.0,0,1.0,0.0,0,1.0,334.0,23.62,0,0,137.0,31.97,0,0,146.0,53.79,0,0,442.0,0,0,0,0,0,0,0,236.0,0,0,0,0,0,0,0
2025-12-03,2,12,0,0.0,0,1.0,0.0,0,1.0,0.0,0,1.0,0.0,0,1.0,0.0,0,1.0,334.0,31.49,0,0,137.0,42.62,0,0,146.0,71.72,0,0,403.0,0,0,0,0,0,0,0,236.0,0,0,0,10,0,0,0
2025-12-04,3,12,0,0.0,0,1.0,0.0,0,1.0,0.0,0,1.0,0.0,0,1.0,0.0,0,1.0,235.0,16.62,0,0,107.0,24.97,1,1,127.0,46.79,0,0,433.0,30,30,0,0,0,0,0,256.0,20,20,0,0,0,0,0
2025-12-05,4,12,0,0.0,0,1.0,0.0,0,1.0,0.0,0,1.0,0.0,0,1.0,0.0,0,1.0,235.0,16.62,0,0,107.0,24.97,1,0,127.0,46.79,0,0,433.0,0,0,0,0,0,0,0,256.0,0,0,0,0,0,0,0
2025-12-06,5,12,1,0.0,0,1.0,0.0,0,1.0,0.0,0,1.0,0.0,0,1.0,0.0,0,1.0,235.0,16.62,0,0,107.0,24.97,1,0,127.0,46.79,0,0,433.0,0,0,0,0,0,0,0,256.0,0,0,0,0,0,0,0
2025-12-07,6,12,1,0.0,0,1.0,0.0,0,1.0,0.0,0,1.0,0.0,0,1.0,0.0,0,1.0,235.0,16.62,0,0,107.0,24.97,1,0,127.0,46.79,0,0,433.0,0,0,0,0,0,0,0,256.0,0,0,0,0,0,0,0
2025-12-08,0,12,0,0.0,0,1.0,0.0,0,1.0,0.0,0,1.0,0.0,0,1.0,0.0,0,1.0,136.0,7.69,1,1,77.0,14.37,1,0,108.0,31.83,0,0,463.0,30,30,0,0,0,0,0,266.0,20,20,0,0,0,0,0
2025-12-09,1,12,0,0.0,0,1.0,0.0,0,1.0,0.0,0,1.0,0.0,0,1.0,0.0,0,1.0,136.0,7.69,1,0,77.0,14.37,1,0,108.0,31.83,0,0,463.0,0,0,0,0,0,0,0,266.0,0,0,0,0,0,0,0
2025-12-10,2,12,0,0.0,0,1.0,0.0,0,1.0,0.0,0,1.0,0.0,0,1.0,0.0,0,1.0,136.0,7.69,1,0,77.0,14.37,1,0,108.0,31.83,0,0,463.0,0,0,0,0,0,0,0,266.0,0,0,0,0,0,0,0
2025-12-11,3,12,0,0.0,0,1.0,0.0,0,1.0,0.0,0,1.0,0.0,0,1.0,0.0,0,1.0,136.0,7.69,1,0,77.0,14.37,1,0,108.0,31.83,0,0,463.0,0,0,0,36,0,0,0,266.0,0,0,0,13,0,0,0
2025-12-12,4,12,0,0.0,0,1.0,0.0,0,1.0,0.0,0,1.0,0.0,0,1.0,0.0,0,1.0,136.0,7.69,1,0,77.0,14.37,1,0,108.0,31.83,0,0,463.0,0,0,0,0,0,0,0,266.0,0,0,0,0,0,0,0
2025-12-13,5,12,1,0.0,0,1.0,0.0,0,1.0,0.0,0,1.0,0.0,0,1.0,0.0,0,1.0,136.0,7.69,1,0,77.0,14.37,1,0,108.0,31.83,0,0,463.0,0,0,0,0,0,0,0,266.0,0,0,0,0,0,0,0
2025-12-14,6,12,1,0.0,0,1.0,0.0,0,1.0,0.0,0,1.0,0.0,0,1.0,0.0,0,1.0,136.0,7.69,1,0,77.0,14.37,1,0,108.0,31.83,0,0,450.0,0,0,0,0,0,0,0,266.0,0,0,0,0,0,0,0
2025-12-15,0,12,0,0.0,0,1.0,0.0,0,1.0,0.0,0,1.0,0.0,0,1.0,0.0,0,1.0,136.0,7.69,1,0,77.0,14.37,1,0,108.0,31.83,0,0,427.0,0,0,0,0,0,0,0,266.0,0,0,0,0,0,0,0
2025-12-16,1,12,0,0.0,0,1.0,0.0,0,1.0,0.0,0,1.0,0.0,0,1.0,0.0,0,1.0,136.0,7.69,1,0,77.0,14.37,1,0,108.0,31.83,0,0,427.0,0,0,0,0,0,0,0,266.0,0,0,0,0,0,0,0
2025-12-17,2,12,0,0.0,0,1.0,0.0,0,1.0,0.0,0,1.0,0.0,0,1.0,0.0,0,1.0,37.0,2.09,1,0,47.0,8.77,1,0,89.0,26.23,1,1,457.0,30,30,0,17,0,0,0,286.0,20,20,0,0,0,0,0
2025-12-18,3,12,0,0.0,0,1.0,0.0,0,1.0,0.0,0,1.0,1.0,0,1.0,0.0,0,1.0,13.0,0.61,1,0,47.0,7.31,1,0,79.0,19.4,1,0,457.0,30,0,30,12,0,0,0,306.0,20,20,0,0,0,0,0
2025-12-19,4,12,0,0.0,0,1.0,0.0,0,1.0,1.0,1,1.0,2.0,0,1.0,0.0,0,1.0,13.0,0.74,1,0,325.0,60.67,0,0,79.0,23.28,1,0,457.0,0,0,0,0,0,0,0,293.0,0,0,0,0,0,0,0
2025-12-20,5,12,1,0.0,0,1.0,0.0,0,1.0,0.0,0,1.0,3.0,0,1.0,0.0,0,1.0,13.0,0.74,1,0,325.0,60.67,0,0,79.0,23.28,1,0,457.0,0,0,0,0,0,0,0,293.0,0,0,0,0,0,0,0
2025-12-21,6,12,1,0.0,0,1.0,0.0,0,1.0,0.0,0,1.0,4.0,0,1.0,0.0,0,1.0,13.0,0.74,1,0,325.0,60.67,0,0,79.0,23.28,1,0,457.0,0,0,0,0,0,0,0,293.0,0,0,0,0,0,0,0
2025-12-22,0,12,0,0.0,0,1.0,0.0,0,1.0,0.0,0,1.0,5.0,0,1.0,0.0,0,1.0,13.0,0.74,1,0,325.0,60.67,0,0,79.0,23.28,1,0,457.0,0,0,0,46,0,0,0,293.0,0,0,0,0,0,0,0
2025-12-23,1,12,0,0.0,0,1.0,0.0,0,1.0,0.0,0,1.0,6.0,1,0.7309,0.0,0,1.0,210.0,9.9,1,0,295.0,45.89,0,0,60.0,14.74,1,0,475.0,30,30,0,0,0,0,0,313.0,20,20,0,15,0,0,0
2025-12-24,2,12,0,0.0,0,1.0,0.0,0,1.0,0.0,0,1.0,7.0,0,1.0,0.0,0,1.0,111.0,4.48,1,0,265.0,35.33,0,0,41.0,8.63,1,0,505.0,30,30,0,23,0,0,0,333.0,20,20,0,11,0,0,0
2025-12-25,3,12,0,0.0,0,1.0,0.0,0,1.0,0.0,0,1.0,8.0,1,1.0,0.0,0,1.0,220.0,8.89,0,0,265.0,35.33,0,0,41.0,8.63,1,0,505.0,0,0,0,15,0,0,0,333.0,0,0,0,21,0,0,0
2025-12-26,4,12,0,0.0,0,1.0,0.0,0,1.0,0.0,0,1.0,0.0,0,1.0,0.0,0,1.0,146.0,5.16,1,1,245.0,28.58,0,0,25.0,4.61,1,0,495.0,30,20,10,22,0,0,0,353.0,20,20,0,0,0,0,0
2025-12-27,5,12,1,0.0,0,1.0,0.0,0,1.0,0.0,0,1.0,0.0,0,1.0,0.0,0,1.0,146.0,5.16,1,0,245.0,28.58,0,0,25.0,4.61,1,0,472.0,0,0,0,0,0,0,0,353.0,0,0,0,0,0,0,0
2025-12-28,6,12,1,0.0,0,1.0,0.0,0,1.0,0.0,0,1.0,0.0,0,1.0,0.0,1,1.0,146.0,5.16,1,0,245.0,28.58,0,0,201.0,37.03,0,0,460.0,0,0,0,0,0,0,0,353.0,0,0,0,0,0,0,0
2025-12-29,0,12,0,0.0,0,1.0,0.0,0,1.0,0.0,0,1.0,0.0,0,1.0,0.0,0,1.0,146.0,5.9,1,0,245.0,32.67,0,0,201.0,42.32,0,0,424.0,0,0,0,0,0,0,0,327.0,0,0,0,35,0,0,0
2025-12-30,1,12,0,0.0,0,1.0,0.0,0,1.0,0.0,0,1.0,0.0,0,1.0,0.0,0,1.0,146.0,5.9,1,0,245.0,32.67,0,0,201.0,42.32,0,0,424.0,0,0,0,26,0,0,0,327.0,0,0,0,18,0,0,0
2025-12-31,2,12,0,0.0,0,1.0,0.0,0,1.0,0.0,0,1.0,0.0,0,1.0,0.0,0,1.0,47.0,1.66,1,0,215.0,25.08,0,0,182.0,33.53,0,0,432.0,30,30,0,0,0,0,0,347.0,20,20,0,9,0,0,0
